prior,year_to,tcr_mean,tcr_q025,tcr_q975
denmod,1990,0.31280508006421653,-0.1690094902090199,0.7963922708200568
denstrong,1990,0.01725801215783273,-0.11758346383987998,0.14753799035432294
lukemod,1990,1.1255473141205252,0.747149533436587,1.5331927014385807
lukestrong,1990,1.0109302341415547,0.8497366765584059,1.1764737041748003
ni,1990,1.2525850742133693,0.5475081605117964,1.9797033967167137
denmod,1989,0.31123776915050594,-0.2113237931811943,0.7726879588313394
denstrong,1989,0.025881781483477806,-0.10341177441084907,0.15616347968734567
lukemod,1989,1.1762506101394288,0.8072448484726429,1.574938400398388
lukestrong,1989,1.010376042152888,0.8554453403659765,1.1650667659812879
ni,1989,1.332356551670748,0.6616404498549959,2.01127897197883
denmod,1988,0.4061858255477894,-0.06291466794529883,0.8863273501974676
denstrong,1988,0.021031986975362384,-0.10504391597357085,0.1395976919860653
lukemod,1988,1.1148972862085653,0.8000435097460776,1.4856721991463528
lukestrong,1988,1.0255763590205516,0.8665972502032938,1.1962963871712342
ni,1988,1.0973090048793304,0.4944388782986024,1.71293456990578
denmod,1987,0.3487866109325391,-0.13630183483033123,0.8023898061308075
denstrong,1987,0.026207653590515946,-0.10250430721161678,0.1570831777267796
lukemod,1987,1.1316053227618823,0.7731470803929651,1.489551202271056
lukestrong,1987,1.0056268862076532,0.8492946723476736,1.177599987240209
ni,1987,1.5474947095010931,0.9489716507160971,2.1672968616565673
denmod,1986,0.3788873993925076,-0.08572506431622148,0.844586654158456
denstrong,1986,0.024373095603956327,-0.10525071563726286,0.16288097167419913
lukemod,1986,1.2402661604667402,0.877221466444462,1.5882124880009723
lukestrong,1986,1.0247661983737513,0.8601592286374624,1.2151584269552955
ni,1986,1.499166259285256,0.943778314140833,2.071861187360559
denmod,1985,0.428652587427108,-0.047628367515941204,0.8634614046451621
denstrong,1985,0.029705112383099166,-0.09400566107121724,0.15437420994964096
lukemod,1985,1.1930720636140675,0.7957263196878213,1.5740057594490877
lukestrong,1985,1.0180176303920612,0.8593657270423652,1.1934435623682107
ni,1985,1.5133521510197747,0.9813463293882169,2.0631209767941074
denmod,1984,0.4636638179919931,-0.03802921007619606,0.9822062135895017
denstrong,1984,0.03200048617283942,-0.09698920451830337,0.15882332747685943
lukemod,1984,1.2087466639086974,0.8796047406366281,1.5821987826943962
lukestrong,1984,1.0243355375588208,0.8651627372102532,1.1956923504837629
ni,1984,1.5314770076536068,1.0482455738409184,2.0411745807286046
denmod,1983,0.5789011007590111,0.04224573211808511,1.050688556347133
denstrong,1983,0.03196069226909292,-0.09998838709766124,0.16064752102072669
lukemod,1983,1.201149082720741,0.8717599175443713,1.5810922798730744
lukestrong,1983,1.0295846485939089,0.876836249439205,1.1894188801582632
ni,1983,1.344980065621998,0.8685834124243029,1.8293420268640346
denmod,1982,0.5431303928769136,0.02350080089411498,1.1424590540647728
denstrong,1982,0.03699115481472094,-0.08607157765090559,0.1696089640520133
lukemod,1982,1.2582957741283645,0.9516139339761843,1.553299604648435
lukestrong,1982,1.039950543371942,0.8715021108369643,1.2092749311618485
ni,1982,1.3980418951137865,0.9259619897386865,1.8974236821978792
denmod,1981,0.532219390055496,0.09862593377226438,0.900385817106268
denstrong,1981,0.03657766566051198,-0.08853822147680965,0.16235852484389196
lukemod,1981,1.296814996373006,0.9781496945793474,1.6721085395679347
lukestrong,1981,1.0279845887028154,0.8693857868011244,1.200682727867374
ni,1981,1.3415420250012098,0.8836202645391866,1.8125830980864288
denmod,1980,0.60789744996547,0.18439898608560965,0.9645025592486669
denstrong,1980,0.04273945946917747,-0.08430054778759345,0.16997652066011473
lukemod,1980,1.2088909401511898,0.7992546035139205,1.5423506804805531
lukestrong,1980,1.0303822667790503,0.8775671812003848,1.1953825627642436
ni,1980,1.4309982312621043,1.002176244023645,1.8889490541256984
denmod,1979,0.6679144284081076,0.20316375871423933,1.0771565475334786
denstrong,1979,0.042392757734152874,-0.0892705245887244,0.17478405683889822
lukemod,1979,1.2528480759538985,0.8697241508080631,1.581543940650388
lukestrong,1979,1.0311570443616658,0.8721850500433609,1.193818412310284
ni,1979,1.436225191913259,1.0257122266447174,1.8598153589257664
denmod,1978,0.709050834584452,0.16014761720979195,1.1079037571854367
denstrong,1978,0.04770107586768001,-0.08204918802758907,0.17305807448583077
lukemod,1978,1.2649588431183665,0.8638045314437804,1.6497090408274409
lukestrong,1978,1.036272167233066,0.8818034439964173,1.202015380301317
ni,1978,1.4987909794028684,1.0799142657156056,1.9298258071522063
denmod,1977,0.7910320224787349,0.3079730715499564,1.21957347146378
denstrong,1977,0.0469510890889175,-0.07466271102948778,0.1737655192361928
lukemod,1977,1.2250250967705587,0.8451069792565036,1.5696877205723567
lukestrong,1977,1.04251970891029,0.8831091704545306,1.2085346012483662
ni,1977,1.4399415743383903,1.046678411731495,1.8629777845102586
denmod,1976,0.7659736169450481,0.31203862720705644,1.1991154867670621
denstrong,1976,0.049830149958781565,-0.07938943512587195,0.17308454565807696
lukemod,1976,1.275119521695356,0.8621437342094247,1.6913114252978192
lukestrong,1976,1.0408896730106905,0.8898094123305663,1.1982207533813638
ni,1976,1.4722513959312848,1.0785804272118915,1.8821570131406857
denmod,1975,0.7374532793539517,0.3472200584961213,1.1138482104246512
denstrong,1975,0.05486921895065841,-0.07336387545170663,0.18270539756951404
lukemod,1975,1.2600174091041008,0.8772559065768538,1.5753016174875054
lukestrong,1975,1.0586795788019145,0.8907488069190943,1.2230446372517672
ni,1975,1.3551796622114962,0.9605256592676632,1.7655626109087437
denmod,1974,0.7661024939035428,0.3748917252744624,1.1559763432925136
denstrong,1974,0.05713739375797084,-0.06621702239734298,0.1805246370468982
lukemod,1974,1.2790783527651113,0.966548507559944,1.6125103929304414
lukestrong,1974,1.0382144985971733,0.8815622377541246,1.2076615394220722
ni,1974,1.3403524983147075,0.9532582575078461,1.7481661762063863
denmod,1973,0.730201554232633,0.37196442372083643,1.0820138945686253
denstrong,1973,0.055083453278937405,-0.06707290792195303,0.18461466217102324
lukemod,1973,1.231262279801137,0.8902188787454732,1.5653739781111347
lukestrong,1973,1.034793575929461,0.8828881519273996,1.1953487052668994
ni,1973,1.1395673823384294,0.7055246443174257,1.5908870415110214
denmod,1972,0.6468495775184356,0.22450402951298595,1.0198679749160002
denstrong,1972,0.050094352860226427,-0.07477643833664523,0.18354624918604437
lukemod,1972,1.1236243283396234,0.8037732420308107,1.4884963447559312
lukestrong,1972,1.0199101388272456,0.8666423362428869,1.1833417164165467
ni,1972,1.126980554506782,0.6940236991947605,1.5783508451202548
denmod,1971,0.6118563155099814,0.2789098748743377,0.9314939361666535
denstrong,1971,0.05350755196942935,-0.06897783253043202,0.19754986806476732
lukemod,1971,1.0815525152930117,0.7605711095010875,1.4276926712976026
lukestrong,1971,1.0126942021948633,0.8581460693524435,1.1672524105422084
ni,1971,1.135282511981029,0.7109610293068154,1.569649405965845
denmod,1970,0.6393922270390862,0.2686093707126751,1.0077901797842266
denstrong,1970,0.05796786753262454,-0.0699428389238973,0.19035583797261865
lukemod,1970,1.0724744749567656,0.7983385218650525,1.376824700019352
lukestrong,1970,1.0098758309204094,0.8575732407239217,1.1637757087966198
ni,1970,1.1191387981185796,0.7434855397698444,1.5034557253621061
denmod,1969,0.6358358163806148,0.2940973314647913,0.9811217760553815
denstrong,1969,0.06135481019837984,-0.06667270706201325,0.1873634112202555
lukemod,1969,1.1207491222837278,0.8262416856301676,1.4244349324202659
lukestrong,1969,1.0100847999950937,0.865879393370436,1.1690780681920276
ni,1969,1.1568799926469022,0.8386178204665001,1.4871149371832355
denmod,1968,0.7868930123875859,0.3871577367145843,1.099644211998252
denstrong,1968,0.07177954718299287,-0.055008597157600814,0.20157953488585276
lukemod,1968,1.1334496811745947,0.8266395166345304,1.4151378918923296
lukestrong,1968,1.0263598713913742,0.8783208765458982,1.1815863929878743
ni,1968,1.165108671491066,0.8696496349680138,1.4751313377569628
denmod,1967,0.8026960161882508,0.4614458970008169,1.1013242259883231
denstrong,1967,0.08200346540054473,-0.04178304021083082,0.20954870269389458
lukemod,1967,1.1284414865960464,0.8734753250619022,1.3960160768126482
lukestrong,1967,1.0260733639200634,0.8735412419503223,1.1941928935335748
ni,1967,1.1665062272363866,0.8856280370301552,1.458300771169935
denmod,1966,0.8986278407614097,0.5903615440708698,1.1620807202330523
denstrong,1966,0.08486480637692018,-0.04649819155667908,0.21242788217570535
lukemod,1966,1.1513982578803668,0.8743182678389166,1.44863929256497
lukestrong,1966,1.031789142656828,0.8843450103197646,1.1912549705914113
ni,1966,1.2325082900581155,0.9808223779400651,1.4999858142279814
denmod,1965,0.9253787233978099,0.6202809984328876,1.204626736661305
denstrong,1965,0.0926463211561772,-0.03565866162247723,0.22266253543198436
lukemod,1965,1.1769701989923573,0.9173916409731406,1.4255133215968505
lukestrong,1965,1.0421767499043053,0.889781305755646,1.1993457968413166
ni,1965,1.2454345148781087,1.0041837740622357,1.5002800709272406
denmod,1964,1.0065751058446493,0.7654881574715308,1.2540592414060068
denstrong,1964,0.09677864191402817,-0.029921517980718793,0.22538594467550635
lukemod,1964,1.2139483472643848,0.9681651324266788,1.4501816374205054
lukestrong,1964,1.0580573421816468,0.9071009592897139,1.2171918751440984
ni,1964,1.2775381914013695,1.0386925998219214,1.5261946666234556
denmod,1963,1.049890518296886,0.8277351856510243,1.2834563354095436
denstrong,1963,0.0975721228091014,-0.030613785229410287,0.2299001836635499
lukemod,1963,1.1870937628209235,0.9781262764524565,1.4276904943844804
lukestrong,1963,1.0743776096060906,0.931986797538948,1.234435318158165
ni,1963,1.1995861179124263,0.9690829145252555,1.4377585495240515
denmod,1962,1.0028560592840599,0.7830309134753708,1.248907398776626
denstrong,1962,0.10895350311791574,-0.02011840573778776,0.23734749889017634
lukemod,1962,1.1892478085134988,0.9589928083300675,1.4298435862643049
lukestrong,1962,1.060321173131287,0.9109339965934667,1.2141512638019911
ni,1962,1.1740055039539352,0.9560916532167771,1.4017673655376928
denmod,1961,1.0127761194303007,0.7747040851746902,1.2292001056614825
denstrong,1961,0.11691344980419405,-0.014559341268138272,0.24906848448035715
lukemod,1961,1.1532068167754066,0.94417097868464706,1.3632283422605207
lukestrong,1961,1.0527418138828573,0.9147739127998462,1.1998238693676502
ni,1961,1.1649304786910128,0.9634461029981002,1.3793903229463031
denmod,1960,1.0318645955472936,0.8211830713766851,1.2423278783273723
denstrong,1960,0.12254662919184309,-0.00818534938178219,0.2582380760116324
lukemod,1960,1.1769805839376388,0.949280564141911,1.4500464888164344
lukestrong,1960,1.0616218218864122,0.917216678564553,1.210546875349249
ni,1960,1.2348342319577792,1.0242497183322072,1.4547374591995472
denmod,1959,1.0602099277931818,0.8305432668013994,1.272862145842427
denstrong,1959,0.12025097168902588,-0.006275929085863565,0.2510631866337308
lukemod,1959,1.2301032382793833,1.0228019035761047,1.4370701890149022
lukestrong,1959,1.0789457648017828,0.9299504496394305,1.2321959923602221
ni,1959,1.2290245181019508,1.0241545803159415,1.440496257857646
denmod,1958,1.0903068660554591,0.8787611751447725,1.2923900788143972
denstrong,1958,0.13019385238097714,5.689097926615254e-4,0.25778268942230115
lukemod,1958,1.2078835595753528,1.0148460082307198,1.407302007114571
lukestrong,1958,1.0837916222727362,0.9403993487176674,1.2344133656712672
ni,1958,1.2544631364425132,1.0606989304383578,1.456996373484773
denmod,1957,1.1236066192734073,0.9214472966513002,1.3318439856343978
denstrong,1957,0.13293559127318336,8.389974864512443e-4,0.2657658624590764
lukemod,1957,1.2289894284470564,1.0293396425116947,1.4247312619827537
lukestrong,1957,1.0868160795756407,0.9395105473904903,1.2382697814084973
ni,1957,1.2589325988489977,1.0670883872403176,1.4618522010940211
denmod,1956,1.1163651498909426,0.9109265638415541,1.310610987859564
denstrong,1956,0.13582023860372094,0.005906858113831272,0.27135849095545916
lukemod,1956,1.2283828208448788,1.0311260391586745,1.426596527615934
lukestrong,1956,1.0959876869803677,0.9486968336778075,1.2503322842948013
ni,1956,1.291864028718453,1.093319578271012,1.5079515612554408
denmod,1955,1.1443388405789965,0.9552212736537744,1.3358247078134855
denstrong,1955,0.13990952129828638,0.005966795565234724,0.27541307775745444
lukemod,1955,1.2372961321565925,1.0561240436298378,1.433399417813456
lukestrong,1955,1.1026446116050894,0.9558103587960404,1.2566730791045635
ni,1955,1.3306699794536725,1.1238116091415118,1.5484359325964518
denmod,1954,1.1600655805360403,0.9405634917217947,1.3781450680704412
denstrong,1954,0.13384705524579832,0.0018156798854334433,0.2688699152683203
lukemod,1954,1.2933059466443664,1.088580240671755,1.5129531340305507
lukestrong,1954,1.1018128639748503,0.9537239240820731,1.2604551153491204
ni,1954,1.3360879340729848,1.1340735665228279,1.546954853152571
denmod,1953,1.1903105806428482,0.9950408514426444,1.38190379872764
denstrong,1953,0.13491399758819564,1.8025949114260358e-4,0.27181852518753297
lukemod,1953,1.3019333315574197,1.1037656204435824,1.5065709000305996
lukestrong,1953,1.1177536799035053,0.9711541933068892,1.2695717383550615
ni,1953,1.3200757881827638,1.1237590004713078,1.5264493032510915
denmod,1952,1.1872326352728149,0.9851453815259321,1.3994925380279675
denstrong,1952,0.14168182132120274,0.009111996706551214,0.2778473408013872
lukemod,1952,1.2925887424601137,1.1005427731955804,1.4846218970209946
lukestrong,1952,1.1329746457506098,0.9737360966654873,1.2955988168879824
ni,1952,1.3236584248423529,1.1330005752296615,1.5274870534848914
denmod,1951,1.1884501201724833,0.9858049916184319,1.3910149100853944
denstrong,1951,0.14758077603729944,0.015510117832951757,0.2795809631600041
lukemod,1951,1.299426439416904,1.1113017265596257,1.4977572218177355
lukestrong,1951,1.1283435677083753,0.9790578404440761,1.2806629706125976
ni,1951,1.3439997458627795,1.1496106913493485,1.5428244532434712
denmod,1950,1.2406504425263483,1.0426593819187064,1.4392837514058725
denstrong,1950,0.14888289825088982,0.015197583984593165,0.28292646945630373
lukemod,1950,1.3340015133086829,1.1469524172472272,1.5305420486416
lukestrong,1950,1.1399436703787575,0.9865545879697782,1.2929458699145258
ni,1950,1.3447375269355464,1.1544476688000953,1.5418342441023039
denmod,1949,1.2423654054734063,1.0342226755031259,1.4690976525685326
denstrong,1949,0.15298703787527654,0.021475762583051394,0.28733438850629756
lukemod,1949,1.318710227304024,1.129047244344012,1.513927322581141
lukestrong,1949,1.1467111695243861,0.9955945812478646,1.3036120482258764
ni,1949,1.3533908599488018,1.163660504229983,1.552423452486841
denmod,1948,1.2319181763503002,1.0534830526452674,1.415455906371155
denstrong,1948,0.15481959892252778,0.02374632800804941,0.29096607884745573
lukemod,1948,1.3241621918310953,1.1458472294661934,1.5145461668224582
lukestrong,1948,1.1461221195078533,0.9957631402088779,1.3032981934093493
ni,1948,1.3502384874250761,1.162660329984977,1.5456292920605277
denmod,1947,1.2409162971005376,1.0549073231118309,1.4294113745114687
denstrong,1947,0.16085414627970956,0.026502657601425995,0.30074088718626457
lukemod,1947,1.3204041219705063,1.1350001003961308,1.5142739765375957
lukestrong,1947,1.144065745940417,0.9990941552165871,1.2970102940884962
ni,1947,1.3385556804508052,1.1563680809143897,1.5336943222466835
denmod,1946,1.2289917414897207,1.02316883201597,1.4268376885493408
denstrong,1946,0.16228383192630189,0.030657055189904726,0.29540804730702586
lukemod,1946,1.3305378040407445,1.1441680624495156,1.5090230931709374
lukestrong,1946,1.1436056483273465,0.9870702938532125,1.303249222941913
ni,1946,1.3463114010592083,1.1630128738316734,1.5377790826592166
denmod,1945,1.2487194917642097,1.0732896496863864,1.4233808490946733
denstrong,1945,0.16877029761060489,0.03706366106949227,0.30550694700410025
lukemod,1945,1.308144738536241,1.1366917490974042,1.4964880498583628
lukestrong,1945,1.1601430813025932,1.0092126346678505,1.3159461509623076
ni,1945,1.3412408292949816,1.1591458030613562,1.5310572059596361
denmod,1944,1.2457879885093244,1.0656168742524579,1.432217396943827
denstrong,1944,0.1712087131211134,0.03855016856844941,0.30576535027193913
lukemod,1944,1.3160700833964614,1.1361060770215623,1.5004870824631749
lukestrong,1944,1.1526414692782263,1.0025856816508971,1.3086148766554795
ni,1944,1.3300041179176716,1.1474316024107254,1.5193787790878708
denmod,1943,1.2376794879445405,1.0578807346293664,1.4220897711731333
denstrong,1943,0.17773984667615728,0.05104628781171832,0.326870520577035
lukemod,1943,1.3119542941008853,1.1281234012871857,1.5019921445059792
lukestrong,1943,1.151622230478666,1.0055180188256054,1.3055629503835011
ni,1943,1.3157794629641995,1.1365015169316783,1.5042140440663077
denmod,1942,1.2270825799869953,1.04785344748563,1.4051850323594515
denstrong,1942,0.17481312890620404,0.03532413274606612,0.3073796708195016
lukemod,1942,1.2938551715744102,1.1229453828683098,1.4849376878267007
lukestrong,1942,1.1394537383058407,0.9840214511696647,1.2923387882113462
ni,1942,1.3181988338427393,1.139349926658657,1.510761588812789
denmod,1941,1.2265461096082302,1.0562536607786792,1.4036190777464803
denstrong,1941,0.18555151573759404,0.04826152661451488,0.3253742953460819
lukemod,1941,1.2981081919964155,1.1189064597390512,1.4798300572315066
lukestrong,1941,1.1456566792431897,1.0008027552383585,1.298888842503506
ni,1941,1.3283550883078852,1.1513817526417416,1.5161262951092536
denmod,1940,1.2417955386668482,1.0674462910185774,1.4304053391390121
denstrong,1940,0.18762744233727244,0.05416935679715705,0.32370556522968835
lukemod,1940,1.3079046586869247,1.1343676631617816,1.4879430072061453
lukestrong,1940,1.150310528618519,1.0073749690001776,1.301868733178001
ni,1940,1.322656949448234,1.144702778148798,1.506573695780237
denmod,1939,1.234304170152114,1.064288357478037,1.4080646980349114
denstrong,1939,0.19113097985366911,0.05691840375312896,0.33375652552458673
lukemod,1939,1.308098607818423,1.1468103016297042,1.4742609012307584
lukestrong,1939,1.154125701222618,1.0121326751198054,1.3022041277323595
ni,1939,1.3251848806620956,1.1492003937656794,1.5101117234040617
denmod,1938,1.2555104756332929,1.082034092754674,1.4359474795739262
denstrong,1938,0.20149254326928903,0.07212065097989084,0.34233038429672047
lukemod,1938,1.3086286057963163,1.1435815829078368,1.4816303762410863
lukestrong,1938,1.158945792100184,1.01553107644252,1.313697306496336
ni,1938,1.3252044598903088,1.1499939805610633,1.5060992261950878
denmod,1937,1.2474453688967908,1.072596079972298,1.4181239375516859
denstrong,1937,0.19684708639667475,0.06286466452951492,0.3346761350927572
lukemod,1937,1.3121940842193196,1.144408129416186,1.488618853138519
lukestrong,1937,1.1544124688974615,1.0096712927410394,1.3004820318198222
ni,1937,1.3345214449200895,1.1539595804230052,1.5204096196693089
denmod,1936,1.2489383795849887,1.0786098681800373,1.4247515826868087
denstrong,1936,0.20404326338087825,0.06782924302308074,0.3428300705062763
lukemod,1936,1.306762572259883,1.1343431219595137,1.488036837791529
lukestrong,1936,1.1625885849931905,1.017274678690028,1.313603531896948
ni,1936,1.346602355998172,1.1696912198806289,1.5318815356355044
denmod,1935,1.2536434915013537,1.0808496762248456,1.4326451827862374
denstrong,1935,0.20080957064857888,0.06362443968736708,0.340240308084702
lukemod,1935,1.3138354446411329,1.1407741198866945,1.4934958923710933
lukestrong,1935,1.1637538495667428,1.0172644864151763,1.3134748031064478
ni,1935,1.3552627254793237,1.1774626143394669,1.5450560064720187
denmod,1934,1.2708451609352187,1.1003149234815608,1.4499382463912185
denstrong,1934,0.2040359355459758,0.06861439904726105,0.3435797483489143
lukemod,1934,1.3336269979755702,1.1551380090395693,1.517823657804448
lukestrong,1934,1.1688274874104074,1.0224757031865919,1.3209035860181795
ni,1934,1.3557199499165058,1.1782138831276325,1.539104979240473
denmod,1933,1.2692637347985842,1.0912849108994096,1.4563082702027692
denstrong,1933,0.20336870512851493,0.06698417610058176,0.3465105364616548
lukemod,1933,1.3385176186005183,1.1618967031398904,1.527552993636354
lukestrong,1933,1.1713058500413085,1.025084621776772,1.3238530527264674
ni,1933,1.3819027302395217,1.2002082677641133,1.5734297377137874
denmod,1932,1.2675372420611275,1.0869628330643737,1.451521454550238
denstrong,1932,0.20572420178966677,0.07023865502339592,0.34318440489263907
lukemod,1932,1.3325176176080058,1.15121590029473,1.5219886672403067
lukestrong,1932,1.1657232910655557,1.0177202993707912,1.3194214496536145
ni,1932,1.3967404991151033,1.2134622353484557,1.5912238771443594
denmod,1931,1.2896776142418152,1.105605165821675,1.4787787474612977
denstrong,1931,0.1982692943525385,0.06434148681788324,0.33801476297197175
lukemod,1931,1.3704106276603087,1.1827287533880197,1.5737286392010175
lukestrong,1931,1.1730526084075135,1.0251994918631002,1.326045066036741
ni,1931,1.3971937594390111,1.2112666597512176,1.5878852492366067
denmod,1930,1.2950839862599377,1.1070120282774565,1.4902414804407653
denstrong,1930,0.20722055500672537,0.07139104085321511,0.3502025650066511
lukemod,1930,1.3638814512442365,1.188665356781021,1.5509763715194929
lukestrong,1930,1.1769433517874162,1.0257108651579587,1.3266637599360664
ni,1930,1.3966874856970637,1.2129675824462085,1.5874012405445281
denmod,1929,1.3045806479689972,1.1211229455981926,1.4931561852882096
denstrong,1929,0.2064988006937495,0.06819613497786968,0.3489464011409133
lukemod,1929,1.3716842825845164,1.190589584688438,1.562458610716617
lukestrong,1929,1.181499312575891,1.030055751906125,1.3345771522368057
ni,1929,1.4106277264951963,1.2232840051924907,1.6077138497486014
denmod,1928,1.3078477958423265,1.122850594559892,1.496572692005284
denstrong,1928,0.20870158348286244,0.07811373511345449,0.3452763884799841
lukemod,1928,1.378149432398862,1.192862425611933,1.5712858135846082
lukestrong,1928,1.18216643620712,1.030775548065903,1.3389745243850488
ni,1928,1.414707988995984,1.2297685529874913,1.6098842914989075
denmod,1927,1.3134577581024334,1.1302781447685584,1.5013437630999793
denstrong,1927,0.2128207524390115,0.07841783934996893,0.35273502449108096
lukemod,1927,1.3885236184917367,1.206373367592316,1.5843690472825733
lukestrong,1927,1.186015053200086,1.0347649870189748,1.3423545453078267
ni,1927,1.4223955288121,1.2339151666205261,1.6163995217102867
denmod,1926,1.3285321282998814,1.1419472074140495,1.5245765610225641
denstrong,1926,0.2137590628666025,0.07864578437319907,0.3488212662604262
lukemod,1926,1.3969875163976029,1.208629142131886,1.5875830603826055
lukestrong,1926,1.1880717681406725,1.0362876115479462,1.3421657599093653
ni,1926,1.4247554464738952,1.2358263402981293,1.622475397345145
denmod,1925,1.3282415102967957,1.1517278795580395,1.5096320515323751
denstrong,1925,0.21336791372675468,0.08247228396327552,0.35364046511162794
lukemod,1925,1.4027097110972806,1.2191730572364714,1.5903056085646758
lukestrong,1925,1.194463291718284,1.045834665766494,1.3501623110840058
ni,1925,1.4207834637007126,1.2377388918213947,1.6125772621934575
denmod,1924,1.325491412325656,1.1423039805131545,1.513462602478494
denstrong,1924,0.21708771441524685,0.08206585825150499,0.35526325315432516
lukemod,1924,1.39760551993784,1.2217912461739637,1.580834381667042
lukestrong,1924,1.202806885297299,1.0480276814526168,1.366386441094424
ni,1924,1.4249088254741862,1.242004854647544,1.6174812543238055
denmod,1923,1.3335405870787878,1.1424584975324645,1.517314286370628
denstrong,1923,0.22425189340760374,0.09059183433196494,0.35934679128208113
lukemod,1923,1.3860275786829053,1.2090393504406236,1.5736376114970634
lukestrong,1923,1.209177154612445,1.0534564192167157,1.37300497681615
ni,1923,1.41846624331633,1.2372489118173084,1.6070400576578887
denmod,1922,1.327116784358072,1.1510264359599902,1.507452642767966
denstrong,1922,0.23008650840318878,0.09389639435648045,0.3666218801355705
lukemod,1922,1.3937814415233911,1.2187873649438945,1.5774361425445314
lukestrong,1922,1.1993580060074998,1.0483776694977018,1.3501428727482316
ni,1922,1.413987861118319,1.2337776707966779,1.6040169484232316
denmod,1921,1.3262778668100887,1.1556086140405166,1.506591583775013
denstrong,1921,0.23841167316319042,0.09767316982581167,0.39166250899539556
lukemod,1921,1.3933160476644806,1.214970411556673,1.5799862404483047
lukestrong,1921,1.2014542134599564,1.0534866273922705,1.356017856488105
ni,1921,1.3999912368076708,1.2207447892651992,1.5885297431989385
denmod,1920,1.327788015830028,1.1515721748139913,1.5098988930889812
denstrong,1920,0.2363049515117584,0.09612293397890306,0.3781031682262849
lukemod,1920,1.3884196021444037,1.21094231626896,1.570968710378239
lukestrong,1920,1.2040571625783993,1.0542778257734262,1.3625591183612622
ni,1920,1.3926241907876806,1.2127788821432803,1.5758222444638708
denmod,1919,1.3147720168631876,1.1443402973414343,1.4899067696501265
denstrong,1919,0.2382996267547222,0.10203772702410899,0.38338078505902623
lukemod,1919,1.3805590791679319,1.2080024327420407,1.5507558744097922
lukestrong,1919,1.1987360376970644,1.0500431482168875,1.3483090048330333
ni,1919,1.4024420206560573,1.2250140794695865,1.5919346015892735
denmod,1918,1.316647167770327,1.1426063044371102,1.4958072945483878
denstrong,1918,0.24513829928533862,0.10908060475846787,0.3857444732378959
lukemod,1918,1.3771633409159523,1.1995855679005283,1.5588304103314885
lukestrong,1918,1.2004962753477757,1.052343774421292,1.351939813544316
ni,1918,1.40685155594045,1.2260358055698641,1.591500511896433
denmod,1917,1.3154708212734159,1.14167781528207,1.496967897449316
denstrong,1917,0.2459497807535637,0.10846006416858466,0.39161921501681635
lukemod,1917,1.3804662338680267,1.2035660700350101,1.5609486822827467
lukestrong,1917,1.2004798045347573,1.046508929501185,1.357956292773547
ni,1917,1.4096927156897896,1.2319536162142986,1.5961107286854161
denmod,1916,1.3264529401267817,1.1542883416597172,1.5028345542267367
denstrong,1916,0.24837039893072732,0.1097870803932272,0.39666935566809125
lukemod,1916,1.3872991431527986,1.2095529316010436,1.5683995217138276
lukestrong,1916,1.2061576469266089,1.0579521997113743,1.3622702195736018
ni,1916,1.4206139183971802,1.2418704625725154,1.6095422121669998
denmod,1915,1.3440746620275905,1.1615164115146945,1.5350026311620117
denstrong,1915,0.2474775187123555,0.10876976029880853,0.38787895140330836
lukemod,1915,1.4015525702631653,1.2251632338845027,1.5859190835195134
lukestrong,1915,1.2119798221039149,1.0559133656181607,1.3706555065173889
ni,1915,1.4179308175601186,1.2401371890292343,1.6030551387200906
denmod,1914,1.3289492665264973,1.1582349472039435,1.509360249687565
denstrong,1914,0.2509324171499013,0.1175626411148159,0.3878480696235176
lukemod,1914,1.3925854211260402,1.2168678143597422,1.5741808764904448
lukestrong,1914,1.2133429432333707,1.062700340122824,1.3677008506947037
ni,1914,1.4102867416910447,1.235173363067307,1.59918337243808
denmod,1913,1.3322976312695944,1.1576078364534317,1.5178186107107245
denstrong,1913,0.25669532192813505,0.12151197872042904,0.3997732596104969
lukemod,1913,1.3901283547230967,1.2081696262890524,1.5731682582211728
lukestrong,1913,1.2071312383647173,1.0602919100221664,1.3607314979379712
ni,1913,1.4167457029771315,1.2387268214895777,1.6027136565724966
denmod,1912,1.3291172997547887,1.1570967167097594,1.5067596091092985
denstrong,1912,0.26114638848475613,0.12155499750059605,0.4018753751090899
lukemod,1912,1.3890320497364392,1.2147201166966475,1.5751076009360352
lukestrong,1912,1.2088868268003707,1.0585079525263659,1.362112923003353
ni,1912,1.4364895050852127,1.2596890884444487,1.6239014247004533
denmod,1911,1.339864384009306,1.1675341054230037,1.5190975890679888
denstrong,1911,0.2671401958348042,0.13068305674845127,0.4125375299522712
lukemod,1911,1.3961307045702696,1.2234365308148663,1.576340472984846
lukestrong,1911,1.2152768931985645,1.0670017472094075,1.3693934176990654
ni,1911,1.4598516642778936,1.2758701274062068,1.653739691354839
denmod,1910,1.3642124430084122,1.1856045550232108,1.5486550201408127
denstrong,1910,0.25999441062015555,0.12426650140028965,0.400319926378487
lukemod,1910,1.4235363086477242,1.2409360256365727,1.615444794936629
lukestrong,1910,1.2188731233015686,1.0676910027615356,1.3768175754597993
ni,1910,1.4650495992814372,1.2795475357667407,1.6573242993212587
denmod,1909,1.375567993781033,1.197818658316403,1.5626620887904272
denstrong,1909,0.2570988518982246,0.12134473437521483,0.3944311852242437
lukemod,1909,1.4342975208403221,1.2510154670322147,1.6245858588581819
lukestrong,1909,1.2272800750031474,1.0765601166906777,1.3811476491984374
ni,1909,1.4837681978325425,1.2954868532937487,1.6811892071091104
denmod,1908,1.378189395129006,1.2006009810211153,1.5678270900200342
denstrong,1908,0.2577968080336032,0.1244818765214382,0.40119182407467086
lukemod,1908,1.4405963439650804,1.258324009480607,1.6275108639942601
lukestrong,1908,1.2296099584682534,1.0771159420903496,1.387271749929487
ni,1908,1.5003046009031082,1.3123697518855455,1.6997217859242975
denmod,1907,1.391337086331103,1.2072030564314689,1.5817082956930573
denstrong,1907,0.25543967523758015,0.119719667555478,0.39579673804546667
lukemod,1907,1.4597598186383571,1.278316806967948,1.6505655029281014
lukestrong,1907,1.2289028376161237,1.0757802310620272,1.386057183738236
ni,1907,1.5097231990313824,1.3192542767353785,1.7115353626281764
denmod,1906,1.4335917596375856,1.2450484293227069,1.6389309028666108
denstrong,1906,0.2561930439426455,0.1218643617471397,0.39512173449688415
lukemod,1906,1.4731752683101533,1.2897758004144995,1.662406105553062
lukestrong,1906,1.2382737697543644,1.0871766249575476,1.3944931584292546
ni,1906,1.5072477732531102,1.3172329602025852,1.7043774185373641
denmod,1905,1.4210001111506836,1.2354773671362345,1.6075952243876668
denstrong,1905,0.2573753122173829,0.12316795759642775,0.3950802316332032
lukemod,1905,1.4811594088735596,1.289811399500335,1.6778706189596886
lukestrong,1905,1.237872167495247,1.0848927486875808,1.4024379411312364
ni,1905,1.520031544429836,1.3313749412494265,1.7194592494324465
denmod,1904,1.4167300812401438,1.233142107577908,1.6086363987798724
denstrong,1904,0.2584814945719402,0.12060976586529182,0.40034228118205417
lukemod,1904,1.4852976318799975,1.298590925552182,1.678279974622015
lukestrong,1904,1.2413595904676813,1.0853828344241219,1.4023280307454684
ni,1904,1.524572560350442,1.3336648753589562,1.723193776659928
denmod,1903,1.4316677702106413,1.2459849211393659,1.6236400812581948
denstrong,1903,0.2642128482001029,0.1275396888211768,0.4028112689746631
lukemod,1903,1.4891289807261365,1.302804800637199,1.6871399342970839
lukestrong,1903,1.2448928101949468,1.0882674607032696,1.4088192234904302
ni,1903,1.535097311645746,1.3461071864256524,1.734889701355616
denmod,1902,1.4357020008260213,1.2532561194147482,1.6229049317031674
denstrong,1902,0.26677921853719083,0.1304557867937964,0.4055713763155694
lukemod,1902,1.5022392644704532,1.3144281379459837,1.6969402178757578
lukestrong,1902,1.2510637949269563,1.0951949123867604,1.4124718194648787
ni,1902,1.5388257803139238,1.3517517684222715,1.7348196843279196
denmod,1901,1.4446111303595746,1.267321029114905,1.630629716817069
denstrong,1901,0.26810911593730685,0.13284913982968208,0.4086232377100352
lukemod,1901,1.5102689741519735,1.3282738097908373,1.69277344548437
lukestrong,1901,1.2621885967026854,1.1017336213255013,1.4242809324853505
ni,1901,1.538587657029254,1.3518165863901332,1.731773600874362
denmod,1900,1.4531538037423861,1.2745393901831366,1.6365900238061153
denstrong,1900,0.2750943317154301,0.13693332181197004,0.42020654563187604
lukemod,1900,1.5040643203504265,1.3182707215787652,1.6968829691518283
lukestrong,1900,1.2647245930812696,1.1111178018355954,1.4243803796783294
ni,1900,1.5363445875612156,1.3494496624346193,1.730308273107437
denmod,1899,1.4527545806299984,1.2714736210448756,1.6396055525184843
denstrong,1899,0.2779881958081391,0.1382085198071029,0.4194651782538941
lukemod,1899,1.5182511371504208,1.3319859967938843,1.7076651573173445
lukestrong,1899,1.268351634543535,1.1120011062847932,1.4291850571069575
ni,1899,1.5406518955863706,1.352263065922483,1.7342905478370005
denmod,1898,1.4554985407969316,1.277940571241437,1.642020490601999
denstrong,1898,0.28267008741907984,0.14443738407251464,0.42618412845457004
lukemod,1898,1.5119767774766955,1.3287381361590276,1.7038884280526954
lukestrong,1898,1.270005936388576,1.113538614952208,1.4311662702150751
ni,1898,1.5503413337814629,1.3635555077314387,1.7438926876592082
denmod,1897,1.477608922446623,1.2866193143412334,1.6668101610106087
denstrong,1897,0.28191215615241116,0.14239652678725795,0.4238523900076854
lukemod,1897,1.5237604007570633,1.3449779363995762,1.712286110045525
lukestrong,1897,1.2727420757339922,1.1167052076554487,1.4342351806262919
ni,1897,1.54821377260768,1.3628503389453759,1.740450235973038
denmod,1896,1.4758276050983077,1.294077192306063,1.6598435411148378
denstrong,1896,0.2873754720670707,0.14843167695125914,0.4288994015114452
lukemod,1896,1.5148536255064857,1.3271528035962017,1.7057953781144974
lukestrong,1896,1.284912960752143,1.1301014116621435,1.4446091270661376
ni,1896,1.5463886359965417,1.3614635733410239,1.7411987720273834
denmod,1895,1.4746286290647421,1.2956711167708728,1.6648230535378747
denstrong,1895,0.2892626522722809,0.1468909317077956,0.4329570304283658
lukemod,1895,1.5236971802567938,1.3413904260099963,1.712205660627297
lukestrong,1895,1.2819355238464032,1.122106276220005,1.4449447435446503
ni,1895,1.5512693361598227,1.3666800023269066,1.744945038118786
denmod,1894,1.4768512616255616,1.2977463488005325,1.6689773596645934
denstrong,1894,0.2952138834518278,0.15496055842173978,0.4401804565514384
lukemod,1894,1.5224414669622777,1.340150242354048,1.710791192766293
lukestrong,1894,1.2910692745066812,1.1322418128633798,1.4509279201857075
ni,1894,1.5529059588192127,1.3686420322913453,1.7445676303644024
denmod,1893,1.4745817865957014,1.2939530627120885,1.6615457714744568
denstrong,1893,0.2969545956867417,0.15844320889586683,0.43647664483366827
lukemod,1893,1.5288306432509737,1.3483706322528815,1.7171404344287082
lukestrong,1893,1.2917578117225927,1.1342071997117615,1.4559264747931058
ni,1893,1.5619621216066208,1.3799734932182635,1.757240866703893
denmod,1892,1.4747708187249247,1.2938716674108008,1.6604836642965886
denstrong,1892,0.29964189601702407,0.1610482770492429,0.44208434257982426
lukemod,1892,1.523617399636744,1.3430568861934293,1.7125648265195772
lukestrong,1892,1.2922230037234559,1.1359310499870654,1.4513219844712582
ni,1892,1.5688652738555853,1.3806839753175404,1.763015344097148
denmod,1891,1.487230690937274,1.3069755071748954,1.675970248789419
denstrong,1891,0.2990619022444793,0.15867531783985409,0.44011657454138997
lukemod,1891,1.5353956772620794,1.3546191563709113,1.7211003159637217
lukestrong,1891,1.2961638696575746,1.1366712228690485,1.4579645266650036
ni,1891,1.5730805447285223,1.3890762519576103,1.7671966038131564
denmod,1890,1.496168317882891,1.318482491562763,1.6774994443275624
denstrong,1890,0.29897248327018877,0.1588912796557382,0.4391233125789443
lukemod,1890,1.5470423557267567,1.3662316391859874,1.7290127733004437
lukestrong,1890,1.3012780729691402,1.143449842209963,1.4614887105512822
ni,1890,1.5717928195218818,1.3863562029792638,1.7637759891587286
denmod,1889,1.488221886379418,1.3062013235694367,1.6740420400874092
denstrong,1889,0.3051930656451041,0.16527489698775932,0.4472353077763906
lukemod,1889,1.541987510022798,1.3631329858158123,1.7278377046412856
lukestrong,1889,1.309333941017265,1.1505041034929004,1.4695138333597648
ni,1889,1.5644645483113686,1.3774555785525078,1.7544243251959017
denmod,1888,1.5019004887230138,1.326494031379337,1.6806046235032464
denstrong,1888,0.3087830354328162,0.16636100938061396,0.45889866666022827
lukemod,1888,1.5468862138956203,1.3697946487238355,1.7408189593382002
lukestrong,1888,1.30681364891737,1.152305513236713,1.4682562849904155
ni,1888,1.5774692733610647,1.3950570343122435,1.7693495194911617
denmod,1887,1.4986617378558937,1.3186864834812082,1.686544105467229
denstrong,1887,0.31406698211491313,0.17581973879901494,0.4595280402650714
lukemod,1887,1.541690992525661,1.3598772411903028,1.7300179991777478
lukestrong,1887,1.3088718609718368,1.1501979284437727,1.4704973322063257
ni,1887,1.5857325809811358,1.3982660807995777,1.7776072659753956
denmod,1886,1.508292715844938,1.32907113918747,1.6954782728947062
denstrong,1886,0.3177365982278929,0.1769513657530562,0.4616214632669667
lukemod,1886,1.553525393249897,1.3733741731592655,1.7398845707037374
lukestrong,1886,1.315458029075191,1.157014871100399,1.477312250308738
ni,1886,1.588183591770936,1.405817396159385,1.7783085153419655
denmod,1885,1.5187384620468312,1.3364642256882526,1.7043934716512779
denstrong,1885,0.32005562868476856,0.18047761857861033,0.46468920423033533
lukemod,1885,1.5656395079566012,1.382865895545637,1.750130528444575
lukestrong,1885,1.3178200352507856,1.1581048112169736,1.4812209559899863
ni,1885,1.5931343937996778,1.4070119989834367,1.7879806514718224
denmod,1884,1.5184010408244024,1.3401320911173074,1.6981989837650808
denstrong,1884,0.3213110969306411,0.1815851344523946,0.46609715954706854
lukemod,1884,1.5661195960490029,1.382198668835815,1.754149408232172
lukestrong,1884,1.3253135032886423,1.1682242909639229,1.4885777572240864
ni,1884,1.5915899333065051,1.4088225944854609,1.7849200436921078
denmod,1883,1.5204823143861808,1.343278654668405,1.7012417358365604
denstrong,1883,0.3254022859273342,0.18526383605422314,0.4727735254057271
lukemod,1883,1.5725921115071666,1.3881383042607098,1.758757753865299
lukestrong,1883,1.332311257247853,1.1778710526490312,1.4900858368685
ni,1883,1.589160502925817,1.4040460455787285,1.777926148974607
denmod,1882,1.5215430502448941,1.3442449477368847,1.7073910155209988
denstrong,1882,0.3256928890707057,0.18793068736126944,0.46815848659871223
lukemod,1882,1.5641917983193856,1.3842606555802723,1.7447917207436956
lukestrong,1882,1.3305663723455958,1.1741976742307707,1.4910258786796111
ni,1882,1.5842181646854796,1.4030177372562853,1.7763550573573121
denmod,1881,1.5185688645494422,1.3390503614419749,1.7053272148258931
denstrong,1881,0.33926874680107477,0.1927126882603137,0.48228941324766667
lukemod,1881,1.5612387469804245,1.3799250186242358,1.7476680299779013
lukestrong,1881,1.333638819031695,1.1800889506763748,1.4927333083683498
ni,1881,1.5796023037440066,1.398656740775893,1.7653248005221205
denmod,1880,1.5141983615050367,1.3365606184865955,1.6988556560257808
denstrong,1880,0.3479616480843495,0.19820854228392634,0.4959646470920034
lukemod,1880,1.558557813467278,1.3784218076645691,1.7442258914890352
lukestrong,1880,1.3339558650297272,1.1688669130744918,1.5000283663549645
ni,1880,1.5723665732217675,1.3921739659332375,1.7604624506763153
denmod,1879,1.5144004378331246,1.337048941941609,1.6963537390496168
denstrong,1879,0.3342394724808203,0.19319078461684233,0.4843844650170213
lukemod,1879,1.5540696601229917,1.3769066121447449,1.7356086723571063
lukestrong,1879,1.3299660149673007,1.1728364453028692,1.4887092273884175
ni,1879,1.5674702187946798,1.3843236296606352,1.7524752487086106
denmod,1878,1.5042773966203675,1.3303473731510482,1.68518010805578
denstrong,1878,0.35916866295697514,0.20930895308534095,0.5055941135658486
lukemod,1878,1.547659961916145,1.3672221664789712,1.7325611792254274
lukestrong,1878,1.3267749954342662,1.1698233964275195,1.4862482260300787
ni,1878,1.5570292466785398,1.3768170946765146,1.7430312570820705
denmod,1877,1.4908881301114187,1.314834429836075,1.6727101765869428
denstrong,1877,0.35435500768909706,0.21602656261827777,0.5021748838173445
lukemod,1877,1.5427403398286035,1.3641739312591474,1.7314745132187301
lukestrong,1877,1.3213798628587548,1.1662501601795852,1.4800399396593638
ni,1877,1.5504462793315676,1.3731883634102566,1.7370154582223845
denmod,1876,1.4831937137174498,1.3157551911605485,1.658081582852086
denstrong,1876,0.3511566250698103,0.2090154171416378,0.49510961768588513
lukemod,1876,1.5227424865769743,1.3478756499723077,1.7036317098352087
lukestrong,1876,1.3240625416520393,1.1687695940352003,1.4849432584715463
ni,1876,1.5521556479335734,1.3707508927197818,1.741553273742721
denmod,1875,1.4926787523848086,1.3191318139431154,1.6730057379335581
denstrong,1875,0.3640935382163739,0.2212723359940329,0.5088476267864871
lukemod,1875,1.5343067793851684,1.3584027068300424,1.7156851140844291
lukestrong,1875,1.3187945583921716,1.1659913779218862,1.478748001995005
ni,1875,1.5571204831839218,1.3791401186281742,1.7407996673905657
denmod,1874,1.4913867618447985,1.3202825685542854,1.6723480664094468
denstrong,1874,0.365818964885725,0.223894248001127,0.5112579001181905
lukemod,1874,1.5405118914081235,1.364305288105329,1.7209142771749117
lukestrong,1874,1.3240393032950144,1.170542043886641,1.4840836083188256
ni,1874,1.5567605711810457,1.3786440362561179,1.7424721252300774
denmod,1873,1.496240908888946,1.3242443172182305,1.6769077978709075
denstrong,1873,0.3728511640741353,0.22890370373037086,0.5203606874086937
lukemod,1873,1.5429589498931726,1.363330901837573,1.727172605537579
lukestrong,1873,1.3307526474645062,1.174027365225946,1.4866509445544958
ni,1873,1.556144752771757,1.377216434776288,1.738488727866022
denmod,1872,1.495722392898843,1.3243027453858118,1.6754953983095937
denstrong,1872,0.3694372340620886,0.2351377140769073,0.5097620357645769
lukemod,1872,1.5333467284864994,1.3576497980895479,1.7154704257597233
lukestrong,1872,1.318179570423209,1.1616037668767003,1.4799977764333405
ni,1872,1.5527325023946876,1.3745944987186411,1.738315739312453
denmod,1871,1.4982837450777258,1.3246271095101463,1.6883457560237833
denstrong,1871,0.37695381831699143,0.23289503530138828,0.5292435352239732
lukemod,1871,1.5335213042335372,1.359955232737824,1.7096801407111955
lukestrong,1871,1.321597760446122,1.1622734663190766,1.4856138513030923
ni,1871,1.5577124244110367,1.3785902655417153,1.7429825220818107
denmod,1870,1.5048369527787546,1.3266945026392047,1.6813737421378385
denstrong,1870,0.38014755716067833,0.23778000402660546,0.5332547177995411
lukemod,1870,1.5349084666637833,1.3585729711777392,1.7187814307152545
lukestrong,1870,1.3317632718019297,1.175440963480136,1.4968471586953938
ni,1870,1.5578538501224797,1.3797655622949312,1.7411632770114709
denmod,1869,1.4937349056819447,1.3133212268814798,1.6724087001434969
denstrong,1869,0.3894707447121282,0.24175288376508655,0.5493234416809138
lukemod,1869,1.5370054984299255,1.3607381004110428,1.7165004821847984
lukestrong,1869,1.3315438380170534,1.1783443014263815,1.4870771687395148
ni,1869,1.55798865635247,1.3773358072526278,1.7392744315195134
denmod,1868,1.5003566099893386,1.329728303838991,1.6774490565666464
denstrong,1868,0.38296299785748283,0.23875336533851588,0.5332801431318517
lukemod,1868,1.5352006797511077,1.3571235785064437,1.7156120500706684
lukestrong,1868,1.336066486965723,1.1746753202243942,1.4986728023522566
ni,1868,1.5593982926023904,1.3831080235150817,1.7440802367681048
denmod,1867,1.5035096337584146,1.3335022995538837,1.678221941295166
denstrong,1867,0.3923028441239632,0.24581009893053868,0.5432217383002909
lukemod,1867,1.5400137042354736,1.364245659639146,1.715351360646155
lukestrong,1867,1.3366056792467815,1.1809217434488435,1.4948645202218802
ni,1867,1.56335687487141,1.38626127656959,1.746798342608941
denmod,1866,1.5028038573455496,1.3316809936044594,1.6842851072192517
denstrong,1866,0.39650047063063193,0.2510607690609901,0.5486288258727197
lukemod,1866,1.5423015186232418,1.3659607337463986,1.7248065994730828
lukestrong,1866,1.3416337978017774,1.183332786436875,1.5005004946772624
ni,1866,1.5646069483907914,1.3879885287890492,1.7476018351837903
