year_to,samp_size,series,mean,q025,q975
1990,16,ni,1.25740319219458,0.553536894009481,1.98987668390091
1990,16,lukemod,1.07454339233236,0.65791355998731,1.49540113015468
1990,16,lukestrong,1.0075358965919,0.853250029708454,1.17049682609464
1990,16,denmod,0.292757919460919,-0.166810076562272,0.73077189745751
1990,16,denstrong,0.0206403276904008,-0.105022497770174,0.148555585484833
1989,17,ni,1.31908491035029,0.665080824239894,1.99237223665325
1989,17,lukemod,1.1066356105529,0.702889742004887,1.4930721053632
1989,17,lukestrong,1.01261726816498,0.856957993741363,1.17634946282997
1989,17,denmod,0.38978177223518,-0.0845885259537445,0.81709236062938
1989,17,denstrong,0.0255808036915124,-0.103023883929916,0.153010837834654
1988,18,ni,1.06893071785482,0.462821895889063,1.7004601221363
1988,18,lukemod,1.01875746210051,0.649148222465304,1.41505155565968
1988,18,lukestrong,1.00327846890561,0.848166138764786,1.16623667862207
1988,18,denmod,0.379066035039301,-0.129279482764014,0.833457858915677
1988,18,denstrong,0.0263565244757284,-0.100273654188532,0.156103705113735
1987,19,ni,1.52860623115438,0.920783175173044,2.14765709006765
1987,19,lukemod,1.2169099622167,0.81720783602912,1.60658645137797
1987,19,lukestrong,1.02475328372645,0.868523835997267,1.18844810506378
1987,19,denmod,0.394563436623139,-0.101282762826188,0.87031720682083
1987,19,denstrong,0.0284195498888283,-0.0999724861971711,0.156528865010455
1986,20,ni,1.48102992758863,0.909186935662475,2.06796242554848
1986,20,lukemod,1.19767838305081,0.782604226669533,1.59763606526828
1986,20,lukestrong,1.02066165892648,0.865707140196629,1.18161732772751
1986,20,denmod,0.477139474725163,-0.0430737178908258,0.952748854648696
1986,20,denstrong,0.0274669213604015,-0.102180545588523,0.154328675282264
1985,21,ni,1.49518426439849,0.962294296288563,2.04841038233695
1985,21,lukemod,1.24498493230136,0.850496406709956,1.62562678666766
1985,21,lukestrong,1.02522482055315,0.869369320454269,1.19145982719098
1985,21,denmod,0.515011135541734,0.0117699954406058,1.00321025921097
1985,21,denstrong,0.0306355490634072,-0.0970453623422984,0.156937198839762
1984,22,ni,1.51357199338919,1.02962493554589,2.02756718773875
1984,22,lukemod,1.24697087813298,0.88594335726233,1.6167180482915
1984,22,lukestrong,1.03027143062034,0.872864643326891,1.19499184299729
1984,22,denmod,0.533422505051678,0.0436750143996766,0.978349642314895
1984,22,denstrong,0.0342800068415199,-0.0929330261617068,0.161657431744615
1983,23,ni,1.32429166477752,0.850771370467875,1.80632779591403
1983,23,lukemod,1.14995308091091,0.794777862947887,1.51177787617196
1983,23,lukestrong,1.02115778254424,0.867349474647603,1.18555194062686
1983,23,denmod,0.575794996059652,0.133343970269918,1.00098599449814
1983,23,denstrong,0.0385532754850267,-0.0891707879099839,0.167945572693268
1982,24,ni,1.37140209227752,0.890776906002546,1.86668892789238
1982,24,lukemod,1.19550593881893,0.840681520434463,1.54444235903676
1982,24,lukestrong,1.0233359139284,0.870379832994998,1.18629308755723
1982,24,denmod,0.586762233282342,0.117969359712294,1.01199725056273
1982,24,denstrong,0.0396772093018899,-0.0890126109414447,0.168947225545613
1981,25,ni,1.31194754168884,0.854306166660854,1.78212432606072
1981,25,lukemod,1.1710105737339,0.816011897700194,1.52493300810768
1981,25,lukestrong,1.02410340518192,0.87090779014684,1.18771265460897
1981,25,denmod,0.581842286085958,0.113299994003981,1.00304963835427
1981,25,denstrong,0.0440247583287451,-0.0844776220645917,0.171796076829682
1980,26,ni,1.40306505990462,0.961163756755229,1.86379187002475
1980,26,lukemod,1.23864726580026,0.884647075260111,1.60486522164942
1980,26,lukestrong,1.03139934925556,0.877366216449558,1.19459249594307
1980,26,denmod,0.626074871293731,0.141164308936322,1.06022187851723
1980,26,denstrong,0.0422707238329556,-0.0850850926957049,0.170845219752175
1979,27,ni,1.407599596153,0.990403196927759,1.83785204796018
1979,27,lukemod,1.25204854847811,0.920899754514439,1.58064223368413
1979,27,lukestrong,1.03641624261817,0.881129128771078,1.20303822240109
1979,27,denmod,0.691979712521295,0.219913330968772,1.10552532219367
1979,27,denstrong,0.0479766668572397,-0.0793798600327365,0.175936623717271
1978,28,ni,1.47121700691218,1.05243079664814,1.9054297567439
1978,28,lukemod,1.27486657582722,0.950191400470295,1.61981799614111
1978,28,lukestrong,1.04103637466861,0.886732258438351,1.20480299343947
1978,28,denmod,0.721614192117237,0.226867280916278,1.17366364157735
1978,28,denstrong,0.0467372304257864,-0.084148703958564,0.177348025237849
1977,29,ni,1.41218726353782,1.01104648576179,1.82978368521555
1977,29,lukemod,1.26280689446704,0.936062431122347,1.59405365705458
1977,29,lukestrong,1.03754082742631,0.880801649501087,1.20205714095213
1977,29,denmod,0.740423623092492,0.335725194640696,1.14426862566511
1977,29,denstrong,0.0523290091292422,-0.0737980353462732,0.179044787422119
1976,30,ni,1.44301466782127,1.04634110353288,1.85308661576381
1976,30,lukemod,1.28181801253868,0.948651210741035,1.61447043019816
1976,30,lukestrong,1.03951496209397,0.883724570725046,1.20438004359781
1976,30,denmod,0.785258334791848,0.323841625939514,1.22186786870648
1976,30,denstrong,0.0536217969138877,-0.074869624051504,0.184078449843604
1975,31,ni,1.32870215012174,0.933886983670129,1.73664217900952
1975,31,lukemod,1.2171283741943,0.895069046859466,1.53444915983178
1975,31,lukestrong,1.03445724922753,0.879913565903173,1.19674300206201
1975,31,denmod,0.73528891312834,0.355597931245358,1.09583840205412
1975,31,denstrong,0.0562854460469964,-0.0721376299508894,0.185105098697935
1974,32,ni,1.31258276822248,0.918470896956269,1.71844499544032
1974,32,lukemod,1.20024937851416,0.876878827063468,1.52684992982177
1974,32,lukestrong,1.02953422910628,0.874776063884626,1.19414725587038
1974,32,denmod,0.747459685898362,0.32458713462753,1.1099747611269
1974,32,denstrong,0.0595074591973946,-0.0693088631807188,0.18668476061083
1973,33,ni,1.11524703702197,0.677945055298519,1.56914459580458
1973,33,lukemod,1.07249059760856,0.730429072284815,1.42165177849246
1973,33,lukestrong,1.00948941875891,0.855127439251205,1.17206243816323
1973,33,denmod,0.58950054717644,0.193517581602329,0.942664098299808
1973,33,denstrong,0.0541608371471101,-0.0729625269778519,0.18273631410913
1972,34,ni,1.10391148218161,0.672920429764729,1.553928930749
1972,34,lukemod,1.04239253133966,0.728213736814579,1.37509797223917
1972,34,lukestrong,1.00793211291875,0.85405970680518,1.16920223972243
1972,34,denmod,0.582514012394754,0.200247454954254,0.948053777251499
1972,34,denstrong,0.0525418301117507,-0.0765763095180059,0.180903864492237
1971,35,ni,1.11014849060928,0.687248793347492,1.54601092150328
1971,35,lukemod,1.06977438681458,0.754464089799073,1.3991182884329
1971,35,lukestrong,1.00719824102517,0.856862153645285,1.16532054758844
1971,35,denmod,0.606708318989324,0.240978333490321,0.969412594205759
1971,35,denstrong,0.0571550892581027,-0.0706508157062703,0.186051195838939
1970,36,ni,1.10194004688184,0.728132103666304,1.49147950777342
1970,36,lukemod,1.06032345578096,0.756183911106,1.36634478562221
1970,36,lukestrong,1.01286957543938,0.860990048069592,1.17328043318828
1970,36,denmod,0.646936728470144,0.281032227543869,0.976983584393231
1970,36,denstrong,0.0651004788432134,-0.0628389443184052,0.194812603787243
1969,37,ni,1.13527192261211,0.816287171841585,1.46367994632973
1969,37,lukemod,1.10566061866182,0.826212224284383,1.40463136344325
1969,37,lukestrong,1.02370768515441,0.871722871792009,1.18481462351995
1969,37,denmod,0.793639147865186,0.471902118954471,1.0885245138362
1969,37,denstrong,0.0773763760228084,-0.0524231836815359,0.210041012269365
1968,38,ni,1.14907485313239,0.850406266078589,1.46687997986827
1968,38,lukemod,1.10976513058613,0.842386432672227,1.39062428792954
1968,38,lukestrong,1.02448510136011,0.876370781746332,1.18217068422558
1968,38,denmod,0.831389238060173,0.509312757027882,1.11680242517234
1968,38,denstrong,0.0835464481910692,-0.0456832536085589,0.215106216421219
1967,39,ni,1.15241637220918,0.872301562554856,1.44553280850745
1967,39,lukemod,1.12934329657307,0.887499224678069,1.3955970000584
1967,39,lukestrong,1.03076956910107,0.882298687558674,1.1883088882648
1967,39,denmod,0.87787833898811,0.574818839414269,1.15152628721021
1967,39,denstrong,0.0905878009656226,-0.037903475638954,0.219468636195186
1966,40,ni,1.22120958083448,0.966685261811365,1.49246070650886
1966,40,lukemod,1.18029323123922,0.941339966508671,1.4202863529189
1966,40,lukestrong,1.04932345974406,0.901514188633616,1.20472715200193
1966,40,denmod,0.979034988472891,0.706193637298143,1.24014984303525
1966,40,denstrong,0.0963298762668387,-0.0311724398434682,0.227437450282701
1965,41,ni,1.23565468521754,0.995177185584284,1.48938434431894
1965,41,lukemod,1.19957996146376,0.962467232180159,1.43622855229364
1965,41,lukestrong,1.05732339391977,0.909554567756554,1.21319940266961
1965,41,denmod,1.00684271010129,0.737704566241702,1.26107601621174
1965,41,denstrong,0.10213064145385,-0.0260091538262283,0.235064495112058
1964,42,ni,1.26732252576613,1.03113149604661,1.51566942384728
1964,42,lukemod,1.2258178310874,1.00190185985258,1.46526546277013
1964,42,lukestrong,1.07238983609821,0.921059496646416,1.23182036651175
1964,42,denmod,1.05681047713034,0.811679910771624,1.29997973716088
1964,42,denstrong,0.104056649279363,-0.0266170898937762,0.23679452300646
1963,43,ni,1.18500274539528,0.959841642672907,1.42678712622495
1963,43,lukemod,1.15393078913453,0.938502285380765,1.37917724341268
1963,43,lukestrong,1.05103811239704,0.904776142397519,1.20661615843688
1963,43,denmod,0.993723419133738,0.752798804590865,1.22650704462393
1963,43,denstrong,0.111900941776584,-0.0173298700853002,0.243643483143333
1962,44,ni,1.15414511922181,0.938350808781928,1.38082166815138
1962,44,lukemod,1.13387062303415,0.928928071925601,1.34663098168183
1962,44,lukestrong,1.04774881204858,0.901376178299615,1.20038433213873
1962,44,denmod,0.994172442618961,0.773716584034254,1.21180479058484
1962,44,denstrong,0.120839553663655,-0.0106465375916942,0.253235509943747
1961,45,ni,1.14516229994552,0.940332898249995,1.36114072419103
1961,45,lukemod,1.12976087362866,0.933235763966964,1.34013187777203
1961,45,lukestrong,1.04751156798813,0.904097170446277,1.19783523656243
1961,45,denmod,1.00391596968885,0.798755546920684,1.20376884203371
1961,45,denstrong,0.12682485197375,-0.00268589510957557,0.259059514300334
1960,46,ni,1.2148594348051,1.00541002018242,1.43520911021753
1960,46,lukemod,1.18779781225923,0.986907355509992,1.40209610217126
1960,46,lukestrong,1.07313490510242,0.928274199171715,1.22722031971318
1960,46,denmod,1.05823200138319,0.840509953613961,1.2696325415339
1960,46,denstrong,0.123803541889913,-0.00672156387373367,0.257234811582854
1959,47,ni,1.20956383987239,1.00856895571771,1.42551858723748
1959,47,lukemod,1.18521355629441,0.988643137994483,1.387903420861
1959,47,lukestrong,1.07333671487457,0.92886595225669,1.2261824494772
1959,47,denmod,1.06805924151828,0.860885285213223,1.27622416011662
1959,47,denstrong,0.129103171601895,-0.00145294044126371,0.261939202627829
1958,48,ni,1.23102903643684,1.03324875973699,1.43926408736193
1958,48,lukemod,1.20954333580672,1.01961058613792,1.40865223499843
1958,48,lukestrong,1.0854965863556,0.941144199684301,1.23869228372738
1958,48,denmod,1.09867322984537,0.893095097030255,1.30032418888603
1958,48,denstrong,0.135224752308683,0.0037149967155736,0.266888447844507
1957,49,ni,1.23496028760091,1.04413733174174,1.43572596687726
1957,49,lukemod,1.21391391674139,1.02899510042009,1.40791048516069
1957,49,lukestrong,1.09172350867994,0.948246970899263,1.24181431315181
1957,49,denmod,1.11484717185316,0.919927048731149,1.31024925386389
1957,49,denstrong,0.139193363819219,0.00509245626323765,0.27566781453335
1956,50,ni,1.26838030228467,1.0699262943124,1.48258225923799
1956,50,lukemod,1.23859509073376,1.04864449750815,1.43961099868748
1956,50,lukestrong,1.09649246161801,0.948619998904723,1.24937144873988
1956,50,denmod,1.13290990689837,0.924947576515506,1.33888946258758
1956,50,denstrong,0.135827933645649,0.0050901102250216,0.269153896199906
1955,51,ni,1.30700312992566,1.10329478346327,1.52108794886585
1955,51,lukemod,1.27317580908432,1.07552219559537,1.48218166036287
1955,51,lukestrong,1.10643186469124,0.959066686475892,1.26225364115944
1955,51,denmod,1.16046186417315,0.952006364943864,1.36456341097734
1955,51,denstrong,0.133489211842659,0.0013627055495836,0.264280610441897
1954,52,ni,1.31228275570697,1.11361646485211,1.52139242538432
1954,52,lukemod,1.27973707595487,1.0839107782069,1.4856069811179
1954,52,lukestrong,1.11525664202678,0.964293165396916,1.27258917096771
1954,52,denmod,1.17854292420203,0.975609104191219,1.38219113148155
1954,52,denstrong,0.138027120118343,0.00698652583891376,0.273137022013986
1953,53,ni,1.29329536703089,1.09873766186859,1.50129917273544
1953,53,lukemod,1.26336271785496,1.07372110658828,1.46270418162681
1953,53,lukestrong,1.11353734076899,0.964987286491494,1.26975435621571
1953,53,denmod,1.17033690607362,0.979402488415141,1.36641737627064
1953,53,denstrong,0.147868951274941,0.0146761980078007,0.284205755060674
1952,54,ni,1.29649214495968,1.10520942742641,1.49640217462652
1952,54,lukemod,1.27045015035918,1.08673424448255,1.46555998339805
1952,54,lukestrong,1.12083317817987,0.972883679994476,1.27423785517391
1952,54,denmod,1.1804075156663,0.987475633053722,1.37351848165351
1952,54,denstrong,0.150522371212859,0.0183648267375249,0.285914279378064
1951,55,ni,1.31615403188359,1.12678743380741,1.51603129277298
1951,55,lukemod,1.2944453768434,1.10776195666428,1.48833775664001
1951,55,lukestrong,1.13002624836536,0.984740613496786,1.28336944921535
1951,55,denmod,1.20753261870418,1.01557023149735,1.39802544211616
1951,55,denstrong,0.152758066104173,0.0184358770417788,0.288373723211116
1950,56,ni,1.31674054790621,1.1303756831324,1.51474517431853
1950,56,lukemod,1.2910560071986,1.1108069419122,1.48245890799932
1950,56,lukestrong,1.1330544111852,0.984649031086543,1.28644500994254
1950,56,denmod,1.20673311134296,1.01801350882787,1.39903831742825
1950,56,denstrong,0.155160809678955,0.0216574313790463,0.289010384438099
1949,57,ni,1.3263739002908,1.13916838971934,1.52302600248256
1949,57,lukemod,1.30516902723006,1.12466376517634,1.49967340003021
1949,57,lukestrong,1.13880010169232,0.991840529322096,1.29381341699858
1949,57,denmod,1.22038370912409,1.03124453764547,1.41451754551237
1949,57,denstrong,0.158543816207669,0.0255166975211814,0.291855782378541
1948,58,ni,1.32333264516772,1.139067098288,1.51741371378913
1948,58,lukemod,1.29904717368953,1.11705951877155,1.48711633333169
1948,58,lukestrong,1.14367160237937,0.997737656159545,1.29671857206169
1948,58,denmod,1.22046224952133,1.0351589731306,1.40862325988987
1948,58,denstrong,0.164359825763608,0.030742682075914,0.301829572623442
1947,59,ni,1.31133142511516,1.12519297665404,1.50184506145874
1947,59,lukemod,1.28452847159241,1.10569296933415,1.47316092206098
1947,59,lukestrong,1.13654371485492,0.988567270379729,1.28932382409275
1947,59,denmod,1.20983221646461,1.0301179483488,1.39428063607877
1947,59,denstrong,0.167568081967878,0.0329721661798067,0.303651198256117
1946,60,ni,1.31795803539167,1.13868342767743,1.51085227974379
1946,60,lukemod,1.29557767018662,1.11877179927819,1.48197290953218
1946,60,lukestrong,1.14217374371221,0.994516627243164,1.29462447072541
1946,60,denmod,1.22199636317188,1.04270455817457,1.40422374653583
1946,60,denstrong,0.170153117914232,0.0389554189773233,0.307012518702164
1945,61,ni,1.31104030786001,1.13133273937766,1.50165603493439
1945,61,lukemod,1.28728915794565,1.11206975924657,1.47315522411208
1945,61,lukestrong,1.14206154141898,0.99457588416813,1.29422626193514
1945,61,denmod,1.21484311352005,1.03670131035218,1.39727501750339
1945,61,denstrong,0.175622248979446,0.0422555862899983,0.312389381150093
1944,62,ni,1.29872449917863,1.12156594610482,1.48451505092519
1944,62,lukemod,1.28014856340971,1.10202438573821,1.46822168418484
1944,62,lukestrong,1.13894889506261,0.992544153909567,1.29234740334747
1944,62,denmod,1.20902956414331,1.03046993074286,1.39011461292894
1944,62,denstrong,0.178689504895364,0.044044559696083,0.316129860624584
1943,63,ni,1.28583703861832,1.10951828980085,1.47399312227321
1943,63,lukemod,1.26690239543046,1.09128589578416,1.45048840042759
1943,63,lukestrong,1.13111888256318,0.987087794234226,1.28345825077515
1943,63,denmod,1.1956990870058,1.02145013723421,1.37433520691377
1943,63,denstrong,0.184797992086794,0.050360203300527,0.322877268826585
1942,64,ni,1.28850144718443,1.11066512524625,1.4765236819635
1942,64,lukemod,1.26832769216268,1.09540007805859,1.44794230889433
1942,64,lukestrong,1.13563351216063,0.991499015920144,1.28542387013483
1942,64,denmod,1.20048279912844,1.03041318001488,1.37588041803455
1942,64,denstrong,0.18751433309851,0.0538441965755413,0.324035043138654
1941,65,ni,1.29804326016074,1.12376485608643,1.48492913339311
1941,65,lukemod,1.27852510546058,1.10547535156016,1.45842683714656
1941,65,lukestrong,1.14283058388614,0.998680983615194,1.29164768603586
1941,65,denmod,1.21301540214736,1.03765728934027,1.39441581392652
1941,65,denstrong,0.191070889386866,0.0542026178136538,0.329114952975423
1940,66,ni,1.29221886191141,1.11777267470476,1.47521081491995
1940,66,lukemod,1.27351204859413,1.10349978132466,1.45628337702628
1940,66,lukestrong,1.14227628306674,0.998832280375255,1.29028341732354
1940,66,denmod,1.20777338987753,1.03620686431495,1.38728976491636
1940,66,denstrong,0.19583783362964,0.060206274926993,0.335194067124236
1939,67,ni,1.29480535676021,1.12253532065977,1.4752340928068
1939,67,lukemod,1.27524986907799,1.10520846858554,1.45263683818032
1939,67,lukestrong,1.14584017168322,1.00074469853902,1.29399603754194
1939,67,denmod,1.21569843579214,1.04579926256424,1.39191852203259
1939,67,denstrong,0.200548697069315,0.062757316722253,0.342173043773991
1938,68,ni,1.29494868499722,1.12220738641568,1.47740493792088
1938,68,lukemod,1.27761458154546,1.10909682664842,1.45301647454808
1938,68,lukestrong,1.14748710714062,1.00543465976044,1.29557570869359
1938,68,denmod,1.21592150644274,1.0478725306736,1.39041228322513
1938,68,denstrong,0.203959570847786,0.0667966884996312,0.344296712854557
1937,69,ni,1.30162617972497,1.12846429283505,1.48268394529242
1937,69,lukemod,1.2850019106317,1.11330604467075,1.4630335602127
1937,69,lukestrong,1.14981409595344,1.00661554725834,1.30208650836141
1937,69,denmod,1.22459801918472,1.05438405892941,1.39951619241689
1937,69,denstrong,0.206178709791114,0.0685348061885248,0.347139504029948
1936,70,ni,1.3170466006366,1.14277563321299,1.5025789395807
1936,70,lukemod,1.29724296855989,1.12702039371814,1.47799214101745
1936,70,lukestrong,1.15283652619181,1.00944177398267,1.30642377074103
1936,70,denmod,1.22943792216817,1.05464442917908,1.40931023436034
1936,70,denstrong,0.203986156594351,0.0684191009208184,0.343102760985363
1935,71,ni,1.32422794425403,1.1470857687659,1.50883627234974
1935,71,lukemod,1.30467690140836,1.13280000562262,1.48518105614565
1935,71,lukestrong,1.15834583376777,1.01383108853409,1.30876618454489
1935,71,denmod,1.239057440362,1.06562286537665,1.41770501826749
1935,71,denstrong,0.208284189293364,0.0744248019364561,0.348756331920459
1934,72,ni,1.32509054983437,1.1509370083617,1.50945105776415
1934,72,lukemod,1.30376491690935,1.13182549412145,1.48273518250274
1934,72,lukestrong,1.15886998552815,1.01328731391921,1.30893342573555
1934,72,denmod,1.24386659261949,1.07093646247713,1.42453141312189
1934,72,denstrong,0.210295853385023,0.074971604813692,0.350591034717162
1933,73,ni,1.35011340576317,1.16900881297711,1.54102187792968
1933,73,lukemod,1.3245776170818,1.14500949117426,1.51100238787734
1933,73,lukestrong,1.16008360465884,1.01298430896843,1.3134475955414
1933,73,denmod,1.25350466617542,1.07740520768522,1.43938300810102
1933,73,denstrong,0.205335994372168,0.0708464327685233,0.344414572330223
1932,74,ni,1.3671005317218,1.18316927627527,1.56317326337074
1932,74,lukemod,1.34140240235027,1.15990753210119,1.52956674437479
1932,74,lukestrong,1.16433204420473,1.01491039049266,1.31740217868141
1932,74,denmod,1.26902915586732,1.08710997011466,1.45493857574395
1932,74,denstrong,0.203288352159877,0.0674297304251648,0.341234814841387
1931,75,ni,1.36736468748972,1.18350295029302,1.56109857818509
1931,75,lukemod,1.34193146255694,1.16399534667764,1.52879480137898
1931,75,lukestrong,1.16607726882117,1.01634969838882,1.32020128319141
1931,75,denmod,1.26984958946162,1.08937519855452,1.45723855071482
1931,75,denstrong,0.206735666774639,0.0710819013539983,0.343127600383677
1930,76,ni,1.3667932948443,1.18751054320681,1.55936289891201
1930,76,lukemod,1.34177081582797,1.16282594381961,1.52703786990786
1930,76,lukestrong,1.16994878551273,1.0226870093266,1.32399616029559
1930,76,denmod,1.27702306970317,1.0989363685413,1.46098836471284
1930,76,denstrong,0.210901974681759,0.0774950734933034,0.346769491051272
1929,77,ni,1.38086232851669,1.19749493607529,1.57302402456121
1929,77,lukemod,1.35430788912957,1.17054040738574,1.54387965437526
1929,77,lukestrong,1.17310760631813,1.02363456658202,1.32894910956144
1929,77,denmod,1.28564010621855,1.10760936460088,1.47351617728256
1929,77,denstrong,0.211475035140209,0.0757867966398653,0.348392546623375
1928,78,ni,1.38523967990665,1.20193380363436,1.57810895778119
1928,78,lukemod,1.36102872988569,1.18220502025682,1.5507866646854
1928,78,lukestrong,1.17771726957019,1.02910308153075,1.3326134506036
1928,78,denmod,1.29153130784355,1.1109441240688,1.47882474550639
1928,78,denstrong,0.214723903634006,0.0804878187792426,0.353559317882654
1927,79,ni,1.39398212073598,1.21102513647959,1.58790346379195
1927,79,lukemod,1.36830531694671,1.18968927687021,1.55781719033454
1927,79,lukestrong,1.1813591144035,1.03080073428826,1.33821233863318
1927,79,denmod,1.29637300073787,1.11705810150012,1.4808215089135
1927,79,denstrong,0.216351023526877,0.0823226347115846,0.356987397840282
1926,80,ni,1.39630209605124,1.21396854203976,1.58949073359385
1926,80,lukemod,1.3694846718777,1.19169155270949,1.55750713897018
1926,80,lukestrong,1.18463104259993,1.0338615035611,1.33969262841351
1926,80,denmod,1.30325714976034,1.12505512379834,1.48933095690105
1926,80,denstrong,0.221462983905026,0.0840458544040997,0.362829381490124
1925,81,ni,1.3940380605255,1.21304884958881,1.58360482986952
1925,81,lukemod,1.36887698669228,1.18915756195264,1.55707367599153
1925,81,lukestrong,1.18782555051477,1.03861794605544,1.34206522985131
1925,81,denmod,1.30690487030359,1.13012805123738,1.49274740515296
1925,81,denstrong,0.224372089764512,0.0882973160424481,0.363235927989736
1924,82,ni,1.3974441301044,1.21649782567173,1.58552943202084
1924,82,lukemod,1.37284108821632,1.19794118672284,1.55846349442894
1924,82,lukestrong,1.19175036615106,1.04456156055254,1.34647687060881
1924,82,denmod,1.31183475724369,1.1369530461612,1.49170159934167
1924,82,denstrong,0.228142061221991,0.0915327922385444,0.367519717347846
1923,83,ni,1.39149926876473,1.21285418932838,1.57761350229794
1923,83,lukemod,1.36985357152721,1.19455543626448,1.55294558558473
1923,83,lukestrong,1.19345795719622,1.04369151412206,1.34983602716451
1923,83,denmod,1.30905153488726,1.13368944279532,1.49061260208678
1923,83,denstrong,0.232875966334183,0.0961302646700253,0.372584308140968
1922,84,ni,1.38812358351132,1.21119770430941,1.5734928774838
1922,84,lukemod,1.36686207107424,1.19465435795282,1.55010200191684
1922,84,lukestrong,1.19405329458772,1.04587731933051,1.34901924431537
1922,84,denmod,1.30487470614174,1.13254536035329,1.48280842854039
1922,84,denstrong,0.237498429570891,0.0995746894770813,0.377353452234257
1921,85,ni,1.37546880148774,1.19616186654901,1.56141988183645
1921,85,lukemod,1.35349793938474,1.18073784784079,1.53543930702156
1921,85,lukestrong,1.18587256995187,1.03780773440281,1.34005814906027
1921,85,denmod,1.29277490136784,1.11929824813792,1.47188487595388
1921,85,denstrong,0.240344401829886,0.104139798086409,0.380375266843203
1920,86,ni,1.36740150055026,1.19109956233866,1.55162221529315
1920,86,lukemod,1.347644599889,1.17157205954572,1.5280514259659
1920,86,lukestrong,1.18545313101237,1.0374727099404,1.33932041243575
1920,86,denmod,1.28565051521028,1.11233728256153,1.46296954978335
1920,86,denstrong,0.246421373559511,0.109016608096433,0.384139083151777
1919,87,ni,1.37873438674743,1.20195913102566,1.56257574688814
1919,87,lukemod,1.35792304296689,1.18372048486955,1.53967251402156
1919,87,lukestrong,1.19024023629877,1.03936125419371,1.34424590606642
1919,87,denmod,1.29759605022158,1.12801895457686,1.47461641801398
1919,87,denstrong,0.247869118160237,0.111723194496035,0.388963477884812
1918,88,ni,1.38429238626194,1.20795726313974,1.57018912392768
1918,88,lukemod,1.36235872599722,1.18659494297268,1.545418172056
1918,88,lukestrong,1.19241141386286,1.04445090605,1.34621035310708
1918,88,denmod,1.30286871468014,1.13269071636302,1.48008950202185
1918,88,denstrong,0.250786051473534,0.112595176261229,0.392959223641842
1917,89,ni,1.38690690968471,1.21024915636637,1.57273444800381
1917,89,lukemod,1.36512459443038,1.19100452530738,1.54584965726221
1917,89,lukestrong,1.19579680887892,1.04920165443156,1.34847451974932
1917,89,denmod,1.3061924055931,1.13353294064395,1.48525846657899
1917,89,denstrong,0.253059731092453,0.115454614838495,0.394472948487169
1916,90,ni,1.39923307365972,1.22055220558269,1.58818763094589
1916,90,lukemod,1.37594332209852,1.19963599481995,1.56025381405418
1916,90,lukestrong,1.19588398116697,1.04791886420312,1.35027755463914
1916,90,denmod,1.31295163939222,1.13830931500787,1.49448619732379
1916,90,denstrong,0.250304630386717,0.112129676748887,0.391775360932789
1915,91,ni,1.39804117990535,1.22036864143489,1.58350131583307
1915,91,lukemod,1.37470129600345,1.19991455419377,1.55743778580233
1915,91,lukestrong,1.19822896084064,1.04719218353234,1.35061145894064
1915,91,denmod,1.31367425410127,1.13845600268647,1.49667059665862
1915,91,denstrong,0.255492244227028,0.117140920887045,0.399753280244639
1914,92,ni,1.39156374441777,1.2143619191094,1.57833257626008
1914,92,lukemod,1.37033854779921,1.19683498759775,1.55255236799761
1914,92,lukestrong,1.19874225030481,1.0515338761895,1.35289853662503
1914,92,denmod,1.30999207354265,1.13680781900148,1.49071386803906
1914,92,denstrong,0.262263798257973,0.124709225162018,0.403736250794221
1913,93,ni,1.40044423635435,1.22372151981033,1.58493175890962
1913,93,lukemod,1.37882836078005,1.20356602810008,1.56050980683062
1913,93,lukestrong,1.20464017569969,1.05558747519758,1.36036752285001
1913,93,denmod,1.32233286997168,1.14826075224433,1.49918311163766
1913,93,denstrong,0.264272615389132,0.126026801229885,0.406402291071905
1912,94,ni,1.41911550810034,1.24007087164086,1.60712633942578
1912,94,lukemod,1.39544055557218,1.21741405658668,1.58267807957295
1912,94,lukestrong,1.21240894103792,1.06374726282526,1.36642548037379
1912,94,denmod,1.33977653923027,1.16724038237135,1.52143502678624
1912,94,denstrong,0.262939075966894,0.125257515701969,0.407877830547437
1911,95,ni,1.44333644003765,1.26017869548978,1.63597805900382
1911,95,lukemod,1.41347227975035,1.23507342686671,1.60161235494939
1911,95,lukestrong,1.2121102607328,1.06095728776871,1.36875308256633
1911,95,denmod,1.35306371360213,1.17516817114472,1.53872951088541
1911,95,denstrong,0.257231164692157,0.119956328082193,0.399126657464193
1910,96,ni,1.44844575889273,1.26292461725675,1.64406801284483
1910,96,lukemod,1.42108304848506,1.24107648588288,1.60878023333615
1910,96,lukestrong,1.21630763228214,1.06442267903792,1.37363650847906
1910,96,denmod,1.35766597712124,1.18293169134792,1.54055601841522
1910,96,denstrong,0.258986075709779,0.122036186436536,0.399083812416334
1909,97,ni,1.46658295326535,1.28036861171633,1.66434760331737
1909,97,lukemod,1.43935188318975,1.25693864856559,1.63162706163634
1909,97,lukestrong,1.21583708927556,1.06239573363176,1.37451704038157
1909,97,denmod,1.3717262989644,1.19027294641058,1.55918264875556
1909,97,denstrong,0.253847671929563,0.116760582028118,0.394646688341003
1908,98,ni,1.48531323135132,1.29675636042981,1.68471327776667
1908,98,lukemod,1.45220996739936,1.26450985157617,1.64601186502187
1908,98,lukestrong,1.21887360568813,1.06451044907374,1.37960709984989
1908,98,denmod,1.38192791317394,1.19548724246661,1.57709431134475
1908,98,denstrong,0.252567128418574,0.116435732472062,0.392162819464145
1907,99,ni,1.49415046110784,1.30297846176707,1.69359378331934
1907,99,lukemod,1.46140087578447,1.27475743157531,1.65580992366572
1907,99,lukestrong,1.22302837689246,1.06856296059834,1.38545403621323
1907,99,denmod,1.3937142193491,1.20970045178224,1.58415320195825
1907,99,denstrong,0.254330313964177,0.117233970195717,0.39446086372856
1906,100,ni,1.49215476496911,1.30181519706182,1.69510435525133
1906,100,lukemod,1.46022230813399,1.27440456675289,1.65635146892383
1906,100,lukestrong,1.22477800922746,1.0718043829168,1.38426191332713
1906,100,denmod,1.39330120591614,1.2078868209173,1.58411173541853
1906,100,denstrong,0.258022931850776,0.121431625441215,0.398129155495227
1905,101,ni,1.50347117353003,1.31270096837311,1.70179224388978
1905,101,lukemod,1.47090726453443,1.28678360014489,1.66438465115312
1905,101,lukestrong,1.229824574142,1.07482061733397,1.38988614009919
1905,101,denmod,1.40408439926543,1.22079886137878,1.59719485609123
1905,101,denstrong,0.259095945896593,0.122882248989942,0.398080665599682
1904,102,ni,1.50919444717843,1.32052009708939,1.7079312604261
1904,102,lukemod,1.47606173690604,1.29106891745208,1.66872945091281
1904,102,lukestrong,1.23728484354165,1.08185416275054,1.39922894716443
1904,102,denmod,1.41273499048671,1.22913956378454,1.6046764242155
1904,102,denstrong,0.263164439218248,0.126996311711101,0.403238660778932
1903,103,ni,1.51786400426499,1.32883524767333,1.71979791021586
1903,103,lukemod,1.48732059900812,1.30095279348145,1.68217340111243
1903,103,lukestrong,1.24191053052842,1.08592034922731,1.40324848709325
1903,103,denmod,1.42459305627884,1.24260920894046,1.61832014709149
1903,103,denstrong,0.264616748659447,0.12680210080276,0.40547884969894
1902,104,ni,1.52269514605172,1.33480733891002,1.72108602750533
1902,104,lukemod,1.49198408045304,1.30740514032167,1.68594626179321
1902,104,lukestrong,1.25032081738639,1.09496040510049,1.41086262915147
1902,104,denmod,1.4310878616532,1.24562814438413,1.62447884607712
1902,104,denstrong,0.268051753813541,0.131609037699176,0.408365837902886
1901,105,ni,1.52298697109127,1.33735836193482,1.71990144043108
1901,105,lukemod,1.49235113550684,1.30835707965981,1.68433389000673
1901,105,lukestrong,1.25350776761838,1.0990399812564,1.4128261001188
1901,105,denmod,1.43474953389186,1.25182852484457,1.62349823723954
1901,105,denstrong,0.273032976660049,0.135158057805292,0.415199901903106
1900,106,ni,1.51976333824356,1.33462237268978,1.71279263690927
1900,106,lukemod,1.49064659782554,1.30846685110847,1.6822582389856
1900,106,lukestrong,1.25577485843682,1.1012419714916,1.41592511457968
1900,106,denmod,1.43211138544873,1.25108164878448,1.62164472914811
1900,106,denstrong,0.277236032915875,0.139813429522207,0.418842008083382
1899,107,ni,1.52289879708958,1.33560702950228,1.71743818608837
1899,107,lukemod,1.49410660038361,1.30952742467683,1.68602067071576
1899,107,lukestrong,1.26064766452035,1.10472897934048,1.42073121375486
1899,107,denmod,1.43871149702661,1.2573279017531,1.62686909526881
1899,107,denstrong,0.281671505024013,0.142532027440597,0.421744589934312
1898,108,ni,1.5327751917792,1.34752999327175,1.72780134580724
1898,108,lukemod,1.5043119062676,1.3206859985747,1.69561789869114
1898,108,lukestrong,1.26599730672858,1.11271584120905,1.42396281708596
1898,108,denmod,1.44717407068715,1.26640696858926,1.63719714116883
1898,108,denstrong,0.283278271758803,0.143204317192576,0.426532816896333
1897,109,ni,1.53096645984948,1.3460514210862,1.72406008055606
1897,109,lukemod,1.50121384843402,1.3189598549378,1.69136126938279
1897,109,lukestrong,1.269427367176,1.11493753358496,1.43042327291574
1897,109,denmod,1.44685898580065,1.26708545015216,1.6332436375926
1897,109,denstrong,0.287899613168729,0.150126508853539,0.427871648799899
1896,110,ni,1.52933556549633,1.3438281123313,1.72133904841077
1896,110,lukemod,1.5014751361689,1.32092359186003,1.68979587851691
1896,110,lukestrong,1.2731046576746,1.11699241149298,1.43403375966081
1896,110,denmod,1.45030023021579,1.27103850126224,1.63527826391666
1896,110,denstrong,0.293267130420856,0.155647715688594,0.437148104214041
1895,111,ni,1.53451001431869,1.35091615716638,1.72572733304948
1895,111,lukemod,1.508278286296,1.32908263563567,1.69814788577281
1895,111,lukestrong,1.27710068724352,1.12092007309263,1.43632009635102
1895,111,denmod,1.45454317116609,1.27423706684907,1.64228426986806
1895,111,denstrong,0.295656014713539,0.156120110518178,0.438332314697059
1894,112,ni,1.53424717884134,1.34953487411925,1.72555342930553
1894,112,lukemod,1.50775326640198,1.32646599990018,1.69434003221347
1894,112,lukestrong,1.28037376803632,1.12637882274432,1.44298408635799
1894,112,denmod,1.45633913968044,1.27667806476688,1.64023735377856
1894,112,denstrong,0.298470619006371,0.160311586131724,0.441192208857414
1893,113,ni,1.54407106405708,1.35897402463585,1.73927055680309
1893,113,lukemod,1.51600074605331,1.3344714229096,1.7044226083733
1893,113,lukestrong,1.28138162526556,1.12497761645208,1.44261829002819
1893,113,denmod,1.46502885859333,1.28517281770398,1.64992100052279
1893,113,denstrong,0.297758400877542,0.159519404798239,0.441155833169765
1892,114,ni,1.55081909909281,1.36599572839805,1.7440047821378
1892,114,lukemod,1.52386371876506,1.34264627285747,1.71326232143682
1892,114,lukestrong,1.28527546706095,1.12928019723728,1.44675998538587
1892,114,denmod,1.47213367150609,1.29107272458404,1.65883302016137
1892,114,denstrong,0.300860019886651,0.159536195010508,0.445747179031978
1891,115,ni,1.55555268505609,1.37177477233643,1.7493177067493
1891,115,lukemod,1.52838160612755,1.34660897868349,1.71853925430516
1891,115,lukestrong,1.29219636455127,1.13807526763012,1.4542289640101
1891,115,denmod,1.47825716120687,1.29867038777482,1.66707466215061
1891,115,denstrong,0.304863696889243,0.162749419332469,0.450884916539491
1890,116,ni,1.55435040155872,1.36924612276637,1.74680405464539
1890,116,lukemod,1.52703517501099,1.34585284238327,1.71441621654113
1890,116,lukestrong,1.29249143307432,1.13508660724037,1.45434562969667
1890,116,denmod,1.47801779052599,1.30023983434272,1.66334753546911
1890,116,denstrong,0.308304053248487,0.166849755312399,0.452924747768288
1889,117,ni,1.54632890978505,1.36327498015175,1.73627283070784
1889,117,lukemod,1.52000900600648,1.34074769800617,1.70651149910648
1889,117,lukestrong,1.29304067153438,1.1373479482792,1.45449315226666
1889,117,denmod,1.47275369189549,1.29394075450398,1.65635509182807
1889,117,denstrong,0.314570919498106,0.174072698236014,0.459325448948448
1888,118,ni,1.55849907855507,1.37441952936129,1.74978057317774
1888,118,lukemod,1.53233347814531,1.35249556807421,1.71831340089098
1888,118,lukestrong,1.30132200820093,1.14559158403472,1.46280968389514
1888,118,denmod,1.48489366867345,1.30663162330065,1.66738111092618
1888,118,denstrong,0.315325068759561,0.174737443931618,0.460290388647905
1887,119,ni,1.5683759202681,1.384368055511,1.76279326499878
1887,119,lukemod,1.54173045367993,1.3612394728718,1.72996571609426
1887,119,lukestrong,1.30621363887497,1.14834148073412,1.4691451782784
1887,119,denmod,1.49440255976441,1.31671340824469,1.67677229958123
1887,119,denstrong,0.318285783793419,0.176322643500765,0.465532988567861
1886,120,ni,1.57181931899706,1.38803040167574,1.76369009648647
1886,120,lukemod,1.5453445755748,1.36494504566389,1.73079771114472
1886,120,lukestrong,1.31051164611554,1.15377211262187,1.47466829394064
1886,120,denmod,1.49938810993819,1.3190065757459,1.68307786272642
1886,120,denstrong,0.320654369594053,0.18190752857978,0.463890794812914
1885,121,ni,1.57446722168716,1.39114812990629,1.76586083305406
1885,121,lukemod,1.54915720249453,1.36841435429026,1.73530400436877
1885,121,lukestrong,1.31505977743583,1.15774650747413,1.47874120185659
1885,121,denmod,1.50218397797172,1.32495792575937,1.68632988176686
1885,121,denstrong,0.323445646858323,0.181463516111838,0.46890335802287
1884,122,ni,1.57406641211554,1.39129947503168,1.76522700716256
1884,122,lukemod,1.54819115714221,1.3686124091347,1.73471366743714
1884,122,lukestrong,1.31803246366123,1.16154148012353,1.47830944839418
1884,122,denmod,1.50454186386753,1.3291152975027,1.68922674957211
1884,122,denstrong,0.328373623880119,0.188716768715742,0.474256809599853
1883,123,ni,1.57027005561149,1.39051397854211,1.75932681556472
1883,123,lukemod,1.54563401702484,1.36886200805308,1.73198983430941
1883,123,lukestrong,1.31903090757283,1.1615994094943,1.48187237457843
1883,123,denmod,1.50311553024062,1.32729344015075,1.68702008220065
1883,123,denstrong,0.332794918630596,0.189914910936583,0.480862971496937
1882,124,ni,1.5644204541335,1.38203232926283,1.75124521792715
1882,124,lukemod,1.53978996182964,1.36101968743419,1.72661069385558
1882,124,lukestrong,1.31836231009876,1.16114419013691,1.48119314913768
1882,124,denmod,1.49531505640393,1.31813349126675,1.67699277680561
1882,124,denstrong,0.336839141775917,0.196363069352005,0.482864999273582
1881,125,ni,1.55980345862923,1.37863111330094,1.74753180427328
1881,125,lukemod,1.53715704275252,1.35843246607024,1.72214392434148
1881,125,lukestrong,1.31779828584403,1.16029749918752,1.47989025920165
1881,125,denmod,1.49296280839439,1.31851705010622,1.67385670624749
1881,125,denstrong,0.343214373091384,0.199583033918828,0.490415195483588
1880,126,ni,1.55307874577447,1.37321478480063,1.74084325803103
1880,126,lukemod,1.53099023953854,1.35400476605188,1.71484419652533
1880,126,lukestrong,1.31551601176014,1.15938188047993,1.47728226857708
1880,126,denmod,1.48707290494065,1.31081957382285,1.66767387958558
1880,126,denstrong,0.347305678882193,0.204359776003074,0.495208295605098
1879,127,ni,1.54791613250373,1.36915019040869,1.73329362437305
1879,127,lukemod,1.52447915414991,1.34899731229663,1.70635323347638
1879,127,lukestrong,1.31301831902902,1.158630566957,1.47457047123926
1879,127,denmod,1.48116743837862,1.30698341082634,1.66099122067941
1879,127,denstrong,0.350172076905701,0.206904520758276,0.498824646377651
1878,128,ni,1.53527055860192,1.35464835344836,1.71949798795471
1878,128,lukemod,1.51270789894521,1.33613857864165,1.69453716789144
1878,128,lukestrong,1.30531163501061,1.15062631522848,1.46492145922043
1878,128,denmod,1.46799560756163,1.29450073606169,1.64686006234051
1878,128,denstrong,0.353837371096255,0.209210075504592,0.50194121829473
1877,129,ni,1.529029675794,1.35299446046632,1.71562738484282
1877,129,lukemod,1.50594426912398,1.32926215347435,1.68857202353196
1877,129,lukestrong,1.3050632137098,1.15006652629275,1.46062210973054
1877,129,denmod,1.46554848324104,1.29111569355881,1.64577732885326
1877,129,denstrong,0.362085936276407,0.219603955860039,0.509372951659771
1876,130,ni,1.53021872483903,1.35229462421637,1.71264721259978
1876,130,lukemod,1.50932059779086,1.33471930442664,1.6902254886075
1876,130,lukestrong,1.30715085683486,1.15145355813425,1.46626604018111
1876,130,denmod,1.46606821217557,1.29370026134147,1.64624804242367
1876,130,denstrong,0.365816537258786,0.220571188480681,0.514827021829216
1875,131,ni,1.53474970305864,1.35757865509702,1.71851384017269
1875,131,lukemod,1.51403926149144,1.33956584966928,1.69732215396479
1875,131,lukestrong,1.31118166936103,1.15713975757842,1.47042566174774
1875,131,denmod,1.47201274112887,1.29865704239619,1.65147883729694
1875,131,denstrong,0.367026971199951,0.223910697047973,0.517561966979364
1874,132,ni,1.53528215425146,1.35815914227313,1.72159749817644
1874,132,lukemod,1.51296535300152,1.33746375456712,1.69467834270329
1874,132,lukestrong,1.31355175126001,1.15904959781841,1.47242064311681
1874,132,denmod,1.47198435444849,1.30059539918497,1.65081311862661
1874,132,denstrong,0.37382857639427,0.229322728250317,0.522793447499636
1873,133,ni,1.53473445979938,1.35917490945083,1.71882399772388
1873,133,lukemod,1.51410794736933,1.34011205970095,1.6953224933094
1873,133,lukestrong,1.31609813477159,1.16281118403228,1.47459322254717
1873,133,denmod,1.47436711648159,1.30256249168204,1.65391466309082
1873,133,denstrong,0.376548046576566,0.233576588277863,0.52389595434012
1872,134,ni,1.53159467744136,1.35708997283489,1.71272055129017
1872,134,lukemod,1.5103315999936,1.33559561789257,1.69262457321948
1872,134,lukestrong,1.31310392810204,1.16061471876144,1.4716000034374
1872,134,denmod,1.46932387891879,1.29544956733191,1.64916125136719
1872,134,denstrong,0.380258406300469,0.235755330414085,0.530467589375265
1871,135,ni,1.5343939006979,1.35838029962371,1.71820525497074
1871,135,lukemod,1.51366713524904,1.34010511684262,1.69542746118841
1871,135,lukestrong,1.31624366701042,1.16235049473272,1.47558950305984
1871,135,denmod,1.47286285497594,1.29945749439713,1.65188949162419
1871,135,denstrong,0.382952720569524,0.239233359783068,0.53453996689552
1870,136,ni,1.53458025701518,1.35944235980242,1.71742270329635
1870,136,lukemod,1.51421712707119,1.3396429296177,1.69546949185729
1870,136,lukestrong,1.31824777125185,1.16531467266513,1.47708650671242
1870,136,denmod,1.47434556996454,1.30328742341596,1.6505468262573
1870,136,denstrong,0.386187988306698,0.241123400699688,0.539230698666955
1869,137,ni,1.53425066742222,1.35840196158096,1.7158485898591
1869,137,lukemod,1.51355704966423,1.33958469667315,1.69374780421912
1869,137,lukestrong,1.3193018946159,1.16498537712739,1.4790636831924
1869,137,denmod,1.47375577015831,1.30224034350265,1.6518260904312
1869,137,denstrong,0.39265932296865,0.245634320813635,0.543858321416538
1868,138,ni,1.53550617187577,1.35999091071344,1.71873943034717
1868,138,lukemod,1.51569589532708,1.3425838180648,1.69638033371574
1868,138,lukestrong,1.32386230419242,1.16981055688672,1.48120959703183
1868,138,denmod,1.47535332205785,1.30321729392696,1.65155964917092
1868,138,denstrong,0.395782221261022,0.249709548672396,0.546660604328269
1867,139,ni,1.53756902644327,1.36138452257157,1.71819964107429
1867,139,lukemod,1.51748621553665,1.34405325427417,1.6966423453641
1867,139,lukestrong,1.32635745187347,1.1731103745744,1.48470012898498
1867,139,denmod,1.48017330056334,1.31249731259156,1.65523755493808
1867,139,denstrong,0.400885464019481,0.257502711985999,0.553836959516278
1866,140,ni,1.53892436401142,1.36369847801562,1.71950432299639
1866,140,lukemod,1.51939137670501,1.34543173248926,1.69713677049153
1866,140,lukestrong,1.32935957467558,1.17477865092122,1.48852797867442
1866,140,denmod,1.48196066925058,1.3121617120215,1.65828152675963
1866,140,denstrong,0.404093076150115,0.258384392122526,0.555055341054997
